,CBSA,CBSA Code,Year,Days with AQI,Good Days,Moderate Days,Unhealthy for Sensitive Groups Days,Unhealthy Days,Very Unhealthy Days,Hazardous Days,Max AQI,90th Percentile AQI,Median AQI,Days CO,Days NO2,Days Ozone,Days PM2.5,Days PM10,City,State
30,"Bakersfield, CA",12540,2012,366,64,160,92,49,1,0,202,154,84,0,0,218,143,5,Bakersfield, CA
46,"Bishop, CA",13860,2012,366,204,133,15,4,2,8,3812,93,48,0,0,280,10,76,Bishop, CA
88,"Chico, CA",17020,2012,366,170,165,23,8,0,0,186,97,53,0,0,230,136,0,Chico, CA
93,"Clearlake, CA",17340,2012,362,336,23,3,0,0,0,143,47,35,0,0,360,2,0,Clearlake, CA
110,"Crescent City, CA",18860,2012,119,119,0,0,0,0,0,45,26,10,0,0,0,79,40,Crescent City, CA
138,"El Centro, CA",20940,2012,366,173,154,34,4,1,0,274,101,52,2,62,229,57,16,El Centro, CA
150,"Eureka-Arcata-Fortuna, CA",21700,2012,366,316,50,0,0,0,0,72,52,36,0,0,205,161,0,Eureka-Arcata-Fortuna, CA
171,"Fresno, CA",23420,2012,366,77,155,92,41,1,0,212,151,80,0,1,222,143,0,Fresno, CA
198,"Hanford-Corcoran, CA",25260,2012,366,117,183,60,6,0,0,172,114,66,0,0,210,137,19,Hanford-Corcoran, CA
279,"Los Angeles-Long Beach-Anaheim, CA",31080,2012,366,32,202,95,35,2,0,207,151,84,0,19,176,169,2,Los Angeles-Long Beach-Anaheim, CA
286,"Madera, CA",31460,2012,366,102,183,70,11,0,0,200,129,64,0,0,210,149,7,Madera, CA
302,"Merced, CA",32900,2012,366,164,168,33,1,0,0,151,97,53,0,0,236,127,3,Merced, CA
312,"Modesto, CA",33700,2012,366,123,164,67,11,1,0,201,125,63,0,1,202,162,1,Modesto, CA
328,"Napa, CA",34900,2012,366,273,93,0,0,0,0,84,62,38,2,7,198,159,0,Napa, CA
350,"Oxnard-Thousand Oaks-Ventura, CA",37100,2012,366,156,178,31,1,0,0,154,97,54,0,4,247,114,1,Oxnard-Thousand Oaks-Ventura, CA
385,"Red Bluff, CA",39780,2012,366,209,138,19,0,0,0,150,93,47,0,0,282,84,0,Red Bluff, CA
387,"Redding, CA",39820,2012,366,262,98,5,1,0,0,172,77,44,0,0,356,10,0,Redding, CA
391,"Riverside-San Bernardino-Ontario, CA",40140,2012,366,16,168,110,63,9,0,233,172,100,0,4,193,134,35,Riverside-San Bernardino-Ontario, CA
406,"Sacramento--Roseville--Arden-Arcade, CA",40900,2012,366,128,159,66,12,1,0,201,126,63,0,4,252,109,1,Sacramento--Roseville--Arden-Arcade, CA
409,"Salinas, CA",41500,2012,366,332,34,0,0,0,0,84,50,37,1,5,246,91,23,Salinas, CA
413,"San Diego-Carlsbad, CA",41740,2012,366,71,259,35,1,0,0,165,100,64,0,17,147,171,31,San Diego-Carlsbad, CA
414,"San Francisco-Oakland-Hayward, CA",41860,2012,366,221,138,6,1,0,0,161,74,46,0,33,175,158,0,San Francisco-Oakland-Hayward, CA
415,"San Jose-Sunnyvale-Santa Clara, CA",41940,2012,366,217,137,12,0,0,0,133,77,47,0,6,227,132,1,San Jose-Sunnyvale-Santa Clara, CA
417,"San Luis Obispo-Paso Robles-Arroyo Grande, CA",42020,2012,366,166,163,35,2,0,0,154,101,53,0,0,245,93,28,San Luis Obispo-Paso Robles-Arroyo Grande, CA
419,"Santa Cruz-Watsonville, CA",42100,2012,365,357,7,1,0,0,0,101,44,34,0,0,293,72,0,Santa Cruz-Watsonville, CA
421,"Santa Maria-Santa Barbara, CA",42200,2012,366,229,134,3,0,0,0,136,65,47,0,0,277,89,0,Santa Maria-Santa Barbara, CA
422,"Santa Rosa, CA",42220,2012,366,306,60,0,0,0,0,80,56,37,0,7,205,154,0,Santa Rosa, CA
444,"Sonora, CA",43760,2012,364,246,105,13,0,0,0,136,87,42,0,0,364,0,0,Sonora, CA
459,"Stockton-Lodi, CA",44700,2012,366,142,182,38,4,0,0,182,101,56,0,3,195,164,4,Stockton-Lodi, CA
475,"Truckee-Grass Valley, CA",46020,2012,366,233,105,26,2,0,0,164,97,42,0,0,353,13,0,Truckee-Grass Valley, CA
482,"Ukiah, CA",46380,2012,357,314,43,0,0,0,0,77,52,33,0,0,203,145,9,Ukiah, CA
486,"Vallejo-Fairfield, CA",46700,2012,366,264,97,5,0,0,0,140,65,41,0,8,231,127,0,Vallejo-Fairfield, CA
493,"Visalia-Porterville, CA",47300,2012,366,91,137,98,40,0,0,195,151,80,0,0,243,122,1,Visalia-Porterville, CA
522,"Yuba City, CA",49700,2012,366,203,146,17,0,0,0,150,84,48,0,10,232,123,1,Yuba City, CA
30,"Bakersfield, CA",12540,2013,365,35,194,104,31,1,0,218,148,89,0,0,177,185,3,Bakersfield, CA
46,"Bishop, CA",13860,2013,365,231,113,10,7,2,2,425,86,46,0,0,286,26,53,Bishop, CA
87,"Chico, CA",17020,2013,365,147,209,8,1,0,0,169,90,54,0,0,221,144,0,Chico, CA
92,"Clearlake, CA",17340,2013,364,355,9,0,0,0,0,80,44,33,0,0,362,2,0,Clearlake, CA
110,"Crescent City, CA",18860,2013,126,123,3,0,0,0,0,72,23,13,0,0,0,89,37,Crescent City, CA
140,"El Centro, CA",20940,2013,365,151,175,35,3,1,0,207,101,56,4,30,198,40,93,El Centro, CA
151,"Eureka-Arcata-Fortuna, CA",21700,2013,365,299,65,1,0,0,0,108,58,35,1,1,144,218,1,Eureka-Arcata-Fortuna, CA
172,"Fresno, CA",23420,2013,365,53,173,114,25,0,0,197,147,87,0,1,215,143,6,Fresno, CA
199,"Hanford-Corcoran, CA",25260,2013,365,76,194,80,15,0,0,189,130,77,0,0,198,123,44,Hanford-Corcoran, CA
277,"Los Angeles-Long Beach-Anaheim, CA",31080,2013,365,22,240,78,25,0,0,197,140,77,0,19,176,167,3,Los Angeles-Long Beach-Anaheim, CA
284,"Madera, CA",31460,2013,365,66,225,64,10,0,0,190,119,71,0,0,191,167,7,Madera, CA
300,"Merced, CA",32900,2013,364,139,177,43,5,0,0,164,112,58,0,1,198,162,3,Merced, CA
310,"Modesto, CA",33700,2013,365,142,158,54,11,0,0,165,118,61,0,1,218,145,1,Modesto, CA
326,"Napa, CA",34900,2013,365,218,144,3,0,0,0,119,70,44,0,4,129,232,0,Napa, CA
348,"Oxnard-Thousand Oaks-Ventura, CA",37100,2013,365,182,172,10,1,0,0,159,77,51,0,6,234,120,5,Oxnard-Thousand Oaks-Ventura, CA
383,"Red Bluff, CA",39780,2013,365,254,100,11,0,0,0,136,74,43,0,0,297,67,1,Red Bluff, CA
385,"Redding, CA",39820,2013,365,297,66,2,0,0,0,105,64,42,0,0,351,13,1,Redding, CA
389,"Riverside-San Bernardino-Ontario, CA",40140,2013,365,24,183,96,57,3,2,455,164,97,0,7,201,113,44,Riverside-San Bernardino-Ontario, CA
403,"Sacramento--Roseville--Arden-Arcade, CA",40900,2013,365,108,207,44,6,0,0,161,110,64,0,2,218,142,3,Sacramento--Roseville--Arden-Arcade, CA
406,"Salinas, CA",41500,2013,365,319,46,0,0,0,0,96,52,38,0,4,219,111,31,Salinas, CA
410,"San Diego-Carlsbad, CA",41740,2013,365,56,272,35,1,0,1,617,101,66,9,20,152,156,28,San Diego-Carlsbad, CA
411,"San Francisco-Oakland-Hayward, CA",41860,2013,365,160,196,9,0,0,0,133,80,53,0,17,62,286,0,San Francisco-Oakland-Hayward, CA
412,"San Jose-Sunnyvale-Santa Clara, CA",41940,2013,365,189,164,11,1,0,0,152,84,50,0,0,191,173,1,San Jose-Sunnyvale-Santa Clara, CA
414,"San Luis Obispo-Paso Robles-Arroyo Grande, CA",42020,2013,365,104,247,14,0,0,0,136,90,59,0,0,175,157,33,San Luis Obispo-Paso Robles-Arroyo Grande, CA
417,"Santa Cruz-Watsonville, CA",42100,2013,365,280,63,22,0,0,0,149,83,38,0,0,242,123,0,Santa Cruz-Watsonville, CA
419,"Santa Maria-Santa Barbara, CA",42200,2013,365,240,122,3,0,0,0,122,64,46,0,2,256,103,4,Santa Maria-Santa Barbara, CA
420,"Santa Rosa, CA",42220,2013,365,291,74,0,0,0,0,85,61,36,0,3,218,142,2,Santa Rosa, CA
444,"Sonora, CA",43760,2013,364,284,78,2,0,0,0,119,64,43,0,0,364,0,0,Sonora, CA
459,"Stockton-Lodi, CA",44700,2013,365,122,210,24,9,0,0,157,99,57,0,0,88,261,16,Stockton-Lodi, CA
475,"Truckee-Grass Valley, CA",46020,2013,362,207,134,21,0,0,0,140,91,48,0,0,337,25,0,Truckee-Grass Valley, CA
482,"Ukiah, CA",46380,2013,331,275,56,0,0,0,0,79,59,28,0,0,54,113,164,Ukiah, CA
486,"Vallejo-Fairfield, CA",46700,2013,365,230,124,11,0,0,0,132,73,44,0,3,180,182,0,Vallejo-Fairfield, CA
493,"Visalia-Porterville, CA",47300,2013,365,61,166,111,26,1,0,201,143,84,0,0,220,145,0,Visalia-Porterville, CA
523,"Yuba City, CA",49700,2013,365,205,151,9,0,0,0,126,84,48,0,5,233,126,1,Yuba City, CA
30,"Bakersfield, CA",12540,2014,365,32,173,117,42,0,1,307,154,97,0,0,230,127,8,Bakersfield, CA
47,"Bishop, CA",13860,2014,365,233,117,6,5,1,3,911,83,47,0,0,294,28,43,Bishop, CA
88,"Chico, CA",17020,2014,365,173,178,12,2,0,0,155,84,52,0,0,228,137,0,Chico, CA
93,"Clearlake, CA",17340,2014,357,335,22,0,0,0,0,93,48,37,0,0,352,4,1,Clearlake, CA
111,"Crescent City, CA",18860,2014,115,112,3,0,0,0,0,55,33,12,0,0,0,115,0,Crescent City, CA
141,"El Centro, CA",20940,2014,365,46,265,45,5,2,2,359,112,67,0,2,109,160,94,El Centro, CA
152,"Eureka-Arcata-Fortuna, CA",21700,2014,365,220,139,5,1,0,0,164,66,43,0,0,89,270,6,Eureka-Arcata-Fortuna, CA
173,"Fresno, CA",23420,2014,365,74,167,91,33,0,0,197,148,81,0,0,231,131,3,Fresno, CA
200,"Hanford-Corcoran, CA",25260,2014,365,85,203,52,25,0,0,172,126,71,0,0,204,116,45,Hanford-Corcoran, CA
279,"Los Angeles-Long Beach-Anaheim, CA",31080,2014,365,23,234,80,26,2,0,205,143,80,0,19,171,170,5,Los Angeles-Long Beach-Anaheim, CA
286,"Madera, CA",31460,2014,365,95,195,60,15,0,0,179,126,67,0,0,221,133,11,Madera, CA
301,"Merced, CA",32900,2014,364,148,158,56,2,0,0,156,113,60,0,2,250,110,2,Merced, CA
311,"Modesto, CA",33700,2014,365,142,164,53,6,0,0,164,114,58,0,0,248,114,3,Modesto, CA
326,"Napa, CA",34900,2014,365,214,151,0,0,0,0,88,65,46,0,0,74,291,0,Napa, CA
348,"Oxnard-Thousand Oaks-Ventura, CA",37100,2014,365,157,193,15,0,0,0,150,87,53,0,1,237,123,4,Oxnard-Thousand Oaks-Ventura, CA
382,"Red Bluff, CA",39780,2014,364,235,113,15,1,0,0,151,80,44,0,0,330,33,1,Red Bluff, CA
384,"Redding, CA",39820,2014,365,277,82,6,0,0,0,126,71,43,0,0,354,9,2,Redding, CA
388,"Riverside-San Bernardino-Ontario, CA",40140,2014,365,14,176,120,52,2,1,537,166,97,0,5,204,92,64,Riverside-San Bernardino-Ontario, CA
402,"Sacramento--Roseville--Arden-Arcade, CA",40900,2014,365,118,190,50,6,1,0,240,112,60,0,0,235,127,3,Sacramento--Roseville--Arden-Arcade, CA
405,"Salinas, CA",41500,2014,365,337,28,0,0,0,0,100,48,37,0,0,263,73,29,Salinas, CA
409,"San Diego-Carlsbad, CA",41740,2014,365,89,237,37,2,0,0,165,101,61,0,17,208,125,15,San Diego-Carlsbad, CA
410,"San Francisco-Oakland-Hayward, CA",41860,2014,365,200,155,10,0,0,0,133,74,48,0,14,116,235,0,San Francisco-Oakland-Hayward, CA
411,"San Jose-Sunnyvale-Santa Clara, CA",41940,2014,365,244,112,8,1,0,0,154,77,44,0,8,263,93,1,San Jose-Sunnyvale-Santa Clara, CA
413,"San Luis Obispo-Paso Robles-Arroyo Grande, CA",42020,2014,365,138,213,14,0,0,0,126,87,55,0,0,179,172,14,San Luis Obispo-Paso Robles-Arroyo Grande, CA
416,"Santa Cruz-Watsonville, CA",42100,2014,365,301,52,12,0,0,0,136,66,35,0,0,244,121,0,Santa Cruz-Watsonville, CA
418,"Santa Maria-Santa Barbara, CA",42200,2014,365,224,135,4,2,0,0,159,64,47,0,2,248,107,8,Santa Maria-Santa Barbara, CA
419,"Santa Rosa, CA",42220,2014,365,314,51,0,0,0,0,81,54,37,0,0,227,136,2,Santa Rosa, CA
442,"Sonora, CA",43760,2014,334,214,104,16,0,0,0,133,87,46,0,0,334,0,0,Sonora, CA
457,"Stockton-Lodi, CA",44700,2014,365,159,172,33,1,0,0,152,99,54,0,2,224,133,6,Stockton-Lodi, CA
473,"Truckee-Grass Valley, CA",46020,2014,365,214,117,33,1,0,0,163,100,46,0,0,358,7,0,Truckee-Grass Valley, CA
479,"Ukiah, CA",46380,2014,365,292,73,0,0,0,0,95,58,38,0,0,166,198,1,Ukiah, CA
483,"Vallejo-Fairfield, CA",46700,2014,365,254,108,3,0,0,0,124,67,43,0,1,172,192,0,Vallejo-Fairfield, CA
490,"Visalia-Porterville, CA",47300,2014,365,70,171,97,27,0,0,169,145,84,0,0,223,141,1,Visalia-Porterville, CA
520,"Yuba City, CA",49700,2014,365,182,170,12,1,0,0,156,82,51,0,5,200,159,1,Yuba City, CA
30,"Bakersfield, CA",12540,2015,365,44,199,93,28,1,0,201,146,84,0,1,231,129,4,Bakersfield, CA
47,"Bishop, CA",13860,2015,365,203,141,12,6,0,3,1383,90,48,0,0,286,29,50,Bishop, CA
88,"Chico, CA",17020,2015,365,170,182,12,1,0,0,152,84,52,0,0,237,127,1,Chico, CA
93,"Clearlake, CA",17340,2015,363,351,11,1,0,0,0,148,47,36,0,0,361,2,0,Clearlake, CA
112,"Crescent City, CA",18860,2015,114,106,8,0,0,0,0,69,39,15,0,0,0,114,0,Crescent City, CA
141,"El Centro, CA",20940,2015,365,87,236,39,3,0,0,175,105,63,0,5,147,127,86,El Centro, CA
152,"Eureka-Arcata-Fortuna, CA",21700,2015,365,310,55,0,0,0,0,90,54,36,0,0,183,176,6,Eureka-Arcata-Fortuna, CA
173,"Fresno, CA",23420,2015,365,60,203,78,23,1,0,205,136,80,0,0,227,133,5,Fresno, CA
202,"Hanford-Corcoran, CA",25260,2015,365,90,205,60,10,0,0,174,119,71,0,0,197,131,37,Hanford-Corcoran, CA
282,"Los Angeles-Long Beach-Anaheim, CA",31080,2015,365,23,208,96,37,1,0,203,151,80,0,25,187,151,2,Los Angeles-Long Beach-Anaheim, CA
287,"Madera, CA",31460,2015,365,109,209,43,4,0,0,154,105,63,0,0,223,127,15,Madera, CA
301,"Merced, CA",32900,2015,365,142,178,41,4,0,0,159,105,58,0,0,217,147,1,Merced, CA
311,"Modesto, CA",33700,2015,365,127,190,43,5,0,0,187,112,59,0,0,202,154,9,Modesto, CA
327,"Napa, CA",34900,2015,365,237,127,1,0,0,0,108,69,44,1,1,145,216,2,Napa, CA
349,"Oxnard-Thousand Oaks-Ventura, CA",37100,2015,365,183,169,13,0,0,0,126,84,50,0,4,226,131,4,Oxnard-Thousand Oaks-Ventura, CA
385,"Red Bluff, CA",39780,2015,365,231,115,18,1,0,0,153,87,45,0,0,311,52,2,Red Bluff, CA
387,"Redding, CA",39820,2015,365,256,96,12,1,0,0,156,84,44,0,0,354,11,0,Redding, CA
391,"Riverside-San Bernardino-Ontario, CA",40140,2015,365,17,179,118,44,7,0,238,159,97,0,15,190,107,53,Riverside-San Bernardino-Ontario, CA
405,"Sacramento--Roseville--Arden-Arcade, CA",40900,2015,365,123,202,36,4,0,0,179,101,61,0,1,208,156,0,Sacramento--Roseville--Arden-Arcade, CA
408,"Salinas, CA",41500,2015,365,331,33,1,0,0,0,120,50,37,0,2,258,80,25,Salinas, CA
412,"San Diego-Carlsbad, CA",41740,2015,365,91,233,40,1,0,0,155,102,61,0,8,208,147,2,San Diego-Carlsbad, CA
413,"San Francisco-Oakland-Hayward, CA",41860,2015,365,198,153,14,0,0,0,147,80,48,0,21,163,181,0,San Francisco-Oakland-Hayward, CA
414,"San Jose-Sunnyvale-Santa Clara, CA",41940,2015,365,231,127,7,0,0,0,147,77,46,0,7,222,135,1,San Jose-Sunnyvale-Santa Clara, CA
416,"San Luis Obispo-Paso Robles-Arroyo Grande, CA",42020,2015,365,163,197,5,0,0,0,126,80,53,0,0,191,148,26,San Luis Obispo-Paso Robles-Arroyo Grande, CA
419,"Santa Cruz-Watsonville, CA",42100,2015,365,320,45,0,0,0,0,94,54,35,0,0,254,111,0,Santa Cruz-Watsonville, CA
421,"Santa Maria-Santa Barbara, CA",42200,2015,365,249,115,1,0,0,0,101,67,45,0,3,251,106,5,Santa Maria-Santa Barbara, CA
422,"Santa Rosa, CA",42220,2015,365,321,44,0,0,0,0,88,53,35,0,1,267,94,3,Santa Rosa, CA
444,"Sonora, CA",43760,2015,364,264,89,11,0,0,0,126,77,43,0,0,364,0,0,Sonora, CA
459,"Stockton-Lodi, CA",44700,2015,365,138,191,32,4,0,0,164,100,56,0,1,170,188,6,Stockton-Lodi, CA
475,"Truckee-Grass Valley, CA",46020,2015,364,217,116,29,2,0,0,166,93,47,0,0,356,8,0,Truckee-Grass Valley, CA
482,"Ukiah, CA",46380,2015,365,302,59,2,2,0,0,160,55,38,0,0,136,229,0,Ukiah, CA
486,"Vallejo-Fairfield, CA",46700,2015,365,246,115,4,0,0,0,118,74,44,0,6,201,157,1,Vallejo-Fairfield, CA
493,"Visalia-Porterville, CA",47300,2015,365,50,217,78,20,0,0,170,143,78,0,0,206,154,5,Visalia-Porterville, CA
523,"Yuba City, CA",49700,2015,365,194,163,8,0,0,0,119,84,49,1,2,233,129,0,Yuba City, CA
30,"Bakersfield, CA",12540,2016,366,70,180,102,14,0,0,169,136,80,0,0,231,128,7,Bakersfield, CA
47,"Bishop, CA",13860,2016,366,244,99,15,4,1,3,426,87,44,0,0,313,16,37,Bishop, CA
86,"Chico, CA",17020,2016,366,169,181,16,0,0,0,127,86,52,0,0,199,167,0,Chico, CA
91,"Clearlake, CA",17340,2016,365,358,7,0,0,0,0,74,44,33,0,0,363,2,0,Clearlake, CA
109,"Crescent City, CA",18860,2016,177,172,5,0,0,0,0,65,40,20,0,0,0,177,0,Crescent City, CA
138,"El Centro, CA",20940,2016,366,105,216,39,3,1,2,541,105,60,0,2,144,90,130,El Centro, CA
149,"Eureka-Arcata-Fortuna, CA",21700,2016,366,326,40,0,0,0,0,74,52,35,0,1,229,130,6,Eureka-Arcata-Fortuna, CA
170,"Fresno, CA",23420,2016,366,92,169,80,25,0,0,190,140,74,0,1,217,136,12,Fresno, CA
198,"Hanford-Corcoran, CA",25260,2016,366,85,207,71,3,0,0,156,115,70,0,0,184,133,49,Hanford-Corcoran, CA
278,"Los Angeles-Long Beach-Anaheim, CA",31080,2016,366,32,226,83,21,4,0,210,134,75,0,30,181,153,2,Los Angeles-Long Beach-Anaheim, CA
284,"Madera, CA",31460,2016,366,123,193,47,3,0,0,156,105,59,0,0,217,134,15,Madera, CA
297,"Merced, CA",32900,2016,366,158,173,33,2,0,0,151,100,53,0,0,225,138,3,Merced, CA
307,"Modesto, CA",33700,2016,366,147,176,40,3,0,0,164,103,55,0,1,202,159,4,Modesto, CA
325,"Napa, CA",34900,2016,366,296,70,0,0,0,0,90,56,37,0,2,166,197,1,Napa, CA
347,"Oxnard-Thousand Oaks-Ventura, CA",37100,2016,366,173,184,9,0,0,0,147,84,51,0,0,232,127,7,Oxnard-Thousand Oaks-Ventura, CA
383,"Red Bluff, CA",39780,2016,366,226,98,37,5,0,0,174,108,44,0,0,325,40,1,Red Bluff, CA
385,"Redding, CA",39820,2016,366,298,54,14,0,0,0,140,74,41,0,0,363,3,0,Redding, CA
389,"Riverside-San Bernardino-Ontario, CA",40140,2016,366,16,189,92,53,14,2,389,178,90,0,26,195,105,40,Riverside-San Bernardino-Ontario, CA
403,"Sacramento--Roseville--Arden-Arcade, CA",40900,2016,366,130,177,44,15,0,0,172,114,58,0,1,237,128,0,Sacramento--Roseville--Arden-Arcade, CA
406,"Salinas, CA",41500,2016,366,325,30,3,8,0,0,176,52,36,0,0,262,63,41,Salinas, CA
410,"San Diego-Carlsbad, CA",41740,2016,366,69,255,40,2,0,0,164,105,66,0,4,224,138,0,San Diego-Carlsbad, CA
411,"San Francisco-Oakland-Hayward, CA",41860,2016,366,216,135,13,2,0,0,154,74,47,0,10,168,188,0,San Francisco-Oakland-Hayward, CA
412,"San Jose-Sunnyvale-Santa Clara, CA",41940,2016,366,250,110,6,0,0,0,126,68,44,0,6,237,123,0,San Jose-Sunnyvale-Santa Clara, CA
414,"San Luis Obispo-Paso Robles-Arroyo Grande, CA",42020,2016,366,177,180,8,1,0,0,156,84,51,0,0,249,75,42,San Luis Obispo-Paso Robles-Arroyo Grande, CA
417,"Santa Cruz-Watsonville, CA",42100,2016,366,347,19,0,0,0,0,72,45,32,0,0,255,111,0,Santa Cruz-Watsonville, CA
419,"Santa Maria-Santa Barbara, CA",42200,2016,366,261,93,9,2,0,1,315,67,44,0,0,259,72,35,Santa Maria-Santa Barbara, CA
420,"Santa Rosa, CA",42220,2016,366,348,18,0,0,0,0,87,44,32,0,0,298,64,4,Santa Rosa, CA
442,"Sonora, CA",43760,2016,354,223,86,38,7,0,0,164,108,44,0,0,354,0,0,Sonora, CA
457,"Stockton-Lodi, CA",44700,2016,366,138,202,25,1,0,0,166,93,55,0,2,144,217,3,Stockton-Lodi, CA
473,"Truckee-Grass Valley, CA",46020,2016,366,235,86,40,5,0,0,179,101,44,0,0,359,7,0,Truckee-Grass Valley, CA
480,"Ukiah, CA",46380,2016,364,334,30,0,0,0,0,66,45,33,0,0,193,167,4,Ukiah, CA
484,"Vallejo-Fairfield, CA",46700,2016,366,278,86,2,0,0,0,105,62,40,0,3,208,155,0,Vallejo-Fairfield, CA
491,"Visalia-Porterville, CA",47300,2016,366,80,162,102,22,0,0,177,145,77,0,0,222,137,7,Visalia-Porterville, CA
521,"Yuba City, CA",49700,2016,366,166,168,32,0,0,0,147,97,53,0,0,204,162,0,Yuba City, CA
29,"Bakersfield, CA",12540,2017,365,76,150,115,24,0,0,197,140,84,0,0,253,99,13,Bakersfield, CA
46,"Bishop, CA",13860,2017,365,204,136,16,3,0,6,2060,87,48,0,0,288,23,54,Bishop, CA
85,"Chico, CA",17020,2017,365,152,189,23,1,0,0,154,94,57,0,0,218,145,2,Chico, CA
90,"Clearlake, CA",17340,2017,362,350,10,1,1,0,0,166,44,35,0,0,350,10,2,Clearlake, CA
108,"Crescent City, CA",18860,2017,298,270,26,0,1,1,0,226,49,20,0,0,0,298,0,Crescent City, CA
138,"El Centro, CA",20940,2017,365,112,211,37,2,2,1,331,104,61,0,2,171,100,92,El Centro, CA
149,"Eureka-Arcata-Fortuna, CA",21700,2017,365,317,40,5,3,0,0,173,56,35,1,1,258,94,11,Eureka-Arcata-Fortuna, CA
170,"Fresno, CA",23420,2017,365,102,143,93,26,1,0,207,140,74,0,2,234,116,13,Fresno, CA
197,"Hanford-Corcoran, CA",25260,2017,365,96,198,50,21,0,0,181,125,70,0,0,201,122,42,Hanford-Corcoran, CA
276,"Los Angeles-Long Beach-Anaheim, CA",31080,2017,365,38,205,76,38,8,0,224,156,79,0,28,177,158,2,Los Angeles-Long Beach-Anaheim, CA
282,"Madera, CA",31460,2017,365,142,175,42,6,0,0,166,105,58,0,1,242,107,15,Madera, CA
295,"Merced, CA",32900,2017,364,162,168,31,3,0,0,158,100,54,0,0,213,149,2,Merced, CA
306,"Modesto, CA",33700,2017,365,156,146,55,8,0,0,185,112,58,0,1,228,128,8,Modesto, CA
324,"Napa, CA",34900,2017,365,230,121,7,5,2,0,249,67,43,1,1,113,250,0,Napa, CA
346,"Oxnard-Thousand Oaks-Ventura, CA",37100,2017,365,164,168,20,8,3,2,537,100,53,0,0,250,107,8,Oxnard-Thousand Oaks-Ventura, CA
382,"Red Bluff, CA",39780,2017,365,262,94,6,3,0,0,167,77,40,0,0,302,63,0,Red Bluff, CA
384,"Redding, CA",39820,2017,365,263,88,12,2,0,0,157,84,44,0,0,354,11,0,Redding, CA
388,"Riverside-San Bernardino-Ontario, CA",40140,2017,365,25,166,94,53,25,2,366,190,98,0,17,221,96,31,Riverside-San Bernardino-Ontario, CA
402,"Sacramento--Roseville--Arden-Arcade, CA",40900,2017,365,137,172,53,3,0,0,164,107,60,0,1,231,129,4,Sacramento--Roseville--Arden-Arcade, CA
405,"Salinas, CA",41500,2017,365,304,60,1,0,0,0,121,54,39,0,0,232,75,58,Salinas, CA
409,"San Diego-Carlsbad, CA",41740,2017,365,83,220,56,6,0,0,174,112,65,0,3,242,120,0,San Diego-Carlsbad, CA
410,"San Francisco-Oakland-Hayward, CA",41860,2017,365,169,180,8,7,1,0,205,78,52,0,18,103,244,0,San Francisco-Oakland-Hayward, CA
411,"San Jose-Sunnyvale-Santa Clara, CA",41940,2017,365,224,129,9,3,0,0,182,75,45,0,7,225,131,2,San Jose-Sunnyvale-Santa Clara, CA
413,"San Luis Obispo-Paso Robles-Arroyo Grande, CA",42020,2017,365,143,214,8,0,0,0,133,80,54,0,0,211,111,43,San Luis Obispo-Paso Robles-Arroyo Grande, CA
416,"Santa Cruz-Watsonville, CA",42100,2017,365,312,49,4,0,0,0,130,56,35,0,0,228,137,0,Santa Cruz-Watsonville, CA
418,"Santa Maria-Santa Barbara, CA",42200,2017,365,247,101,6,9,2,0,281,74,44,0,0,253,98,14,Santa Maria-Santa Barbara, CA
419,"Santa Rosa, CA",42220,2017,365,311,49,2,3,0,0,165,55,38,0,0,249,114,2,Santa Rosa, CA
441,"Sonora, CA",43760,2017,362,231,106,25,0,0,0,143,93,44,0,0,362,0,0,Sonora, CA
456,"Stockton-Lodi, CA",44700,2017,365,185,147,33,0,0,0,146,100,50,0,3,198,149,15,Stockton-Lodi, CA
472,"Truckee-Grass Valley, CA",46020,2017,365,200,84,62,19,0,0,185,133,49,0,0,353,12,0,Truckee-Grass Valley, CA
479,"Ukiah, CA",46380,2017,365,273,84,7,1,0,0,188,66,39,0,0,185,176,4,Ukiah, CA
483,"Vallejo-Fairfield, CA",46700,2017,365,244,111,5,5,0,0,175,71,44,0,3,199,163,0,Vallejo-Fairfield, CA
490,"Visalia-Porterville, CA",47300,2017,365,93,145,96,31,0,0,168,147,80,0,1,236,119,9,Visalia-Porterville, CA
520,"Yuba City, CA",49700,2017,365,181,175,9,0,0,0,130,82,51,0,0,172,189,4,Yuba City, CA
29,"Bakersfield, CA",12540,2018,365,65,170,103,27,0,0,190,142,84,0,0,246,106,13,Bakersfield, CA
46,"Bishop, CA",13860,2018,365,198,130,26,8,2,1,624,101,48,0,0,311,20,34,Bishop, CA
86,"Chico, CA",17020,2018,365,152,173,22,11,3,4,445,104,54,0,0,203,161,1,Chico, CA
91,"Clearlake, CA",17340,2018,357,347,7,1,1,1,0,208,43,33,0,0,344,11,2,Clearlake, CA
109,"Crescent City, CA",18860,2018,180,162,18,0,0,0,0,77,52,25,0,0,0,180,0,Crescent City, CA
139,"El Centro, CA",20940,2018,365,95,220,41,7,2,0,286,108,62,0,7,129,100,129,El Centro, CA
150,"Eureka-Arcata-Fortuna, CA",21700,2018,365,324,35,5,1,0,0,163,53,34,0,2,251,94,18,Eureka-Arcata-Fortuna, CA
171,"Fresno, CA",23420,2018,365,84,183,79,19,0,0,185,133,74,0,3,231,121,10,Fresno, CA
196,"Hanford-Corcoran, CA",25260,2018,365,89,218,49,9,0,0,180,114,69,0,0,186,123,56,Hanford-Corcoran, CA
275,"Los Angeles-Long Beach-Anaheim, CA",31080,2018,365,35,220,90,19,1,0,201,133,78,0,31,178,153,3,Los Angeles-Long Beach-Anaheim, CA
281,"Madera, CA",31460,2018,365,152,178,30,5,0,0,165,100,56,0,0,210,120,35,Madera, CA
293,"Merced, CA",32900,2018,365,173,151,32,9,0,0,171,101,51,0,1,196,167,1,Merced, CA
304,"Modesto, CA",33700,2018,365,157,161,32,14,1,0,240,108,54,0,2,203,151,9,Modesto, CA
322,"Napa, CA",34900,2018,364,273,79,4,8,0,0,183,61,39,1,1,165,196,1,Napa, CA
344,"Oxnard-Thousand Oaks-Ventura, CA",37100,2018,365,174,174,16,1,0,0,166,87,52,0,2,213,138,12,Oxnard-Thousand Oaks-Ventura, CA
380,"Red Bluff, CA",39780,2018,365,226,110,16,13,0,0,190,95,45,0,0,239,126,0,Red Bluff, CA
382,"Redding, CA",39820,2018,365,277,67,15,6,0,0,190,82,43,0,0,343,21,1,Redding, CA
385,"Riverside-San Bernardino-Ontario, CA",40140,2018,365,25,167,107,53,13,0,296,166,97,0,14,207,111,33,Riverside-San Bernardino-Ontario, CA
399,"Sacramento--Roseville--Arden-Arcade, CA",40900,2018,365,130,178,36,15,5,1,314,122,60,0,0,231,131,3,Sacramento--Roseville--Arden-Arcade, CA
402,"Salinas, CA",41500,2018,365,319,39,5,2,0,0,155,52,38,0,1,212,93,59,Salinas, CA
406,"San Diego-Carlsbad, CA",41740,2018,365,73,257,35,0,0,0,143,100,64,0,1,202,162,0,San Diego-Carlsbad, CA
407,"San Francisco-Oakland-Hayward, CA",41860,2018,365,147,199,7,9,3,0,245,80,53,0,14,61,290,0,San Francisco-Oakland-Hayward, CA
408,"San Jose-Sunnyvale-Santa Clara, CA",41940,2018,365,216,131,7,11,0,0,194,74,47,0,1,193,171,0,San Jose-Sunnyvale-Santa Clara, CA
410,"San Luis Obispo-Paso Robles-Arroyo Grande, CA",42020,2018,365,202,154,9,0,0,0,133,74,49,0,0,234,92,39,San Luis Obispo-Paso Robles-Arroyo Grande, CA
413,"Santa Cruz-Watsonville, CA",42100,2018,365,331,24,5,5,0,0,170,50,36,0,0,221,144,0,Santa Cruz-Watsonville, CA
415,"Santa Maria-Santa Barbara, CA",42200,2018,365,244,119,2,0,0,0,114,64,47,0,0,266,86,13,Santa Maria-Santa Barbara, CA
416,"Santa Rosa, CA",42220,2018,365,325,27,3,8,2,0,226,52,36,0,2,280,82,1,Santa Rosa, CA
438,"Sonora, CA",43760,2018,348,254,73,20,1,0,0,154,80,43,0,0,348,0,0,Sonora, CA
453,"Stockton-Lodi, CA",44700,2018,365,152,180,20,10,2,1,308,99,54,0,1,154,204,6,Stockton-Lodi, CA
467,"Truckee-Grass Valley, CA",46020,2018,363,245,90,19,9,0,0,196,87,44,0,0,327,36,0,Truckee-Grass Valley, CA
474,"Ukiah, CA",46380,2018,364,289,54,13,6,1,1,314,64,37,0,0,151,209,4,Ukiah, CA
478,"Vallejo-Fairfield, CA",46700,2018,365,263,87,3,11,1,0,247,64,42,0,3,184,178,0,Vallejo-Fairfield, CA
485,"Visalia-Porterville, CA",47300,2018,365,73,171,95,26,0,0,174,140,77,0,0,233,124,8,Visalia-Porterville, CA
515,"Yuba City, CA",49700,2018,365,153,177,22,7,5,1,335,100,54,0,0,166,198,1,Yuba City, CA
29,"Bakersfield, CA",12540,2019,365,119,151,87,6,1,1,548,122,67,0,2,260,73,30,Bakersfield, CA
45,"Bishop, CA",13860,2019,365,232,121,6,2,1,3,638,84,47,0,0,319,14,32,Bishop, CA
85,"Chico, CA",17020,2019,365,224,136,3,2,0,0,173,67,46,0,0,231,133,1,Chico, CA
90,"Clearlake, CA",17340,2019,360,360,0,0,0,0,0,50,41,31,0,0,356,3,1,Clearlake, CA
108,"Crescent City, CA",18860,2019,248,236,12,0,0,0,0,71,43,20,0,0,0,248,0,Crescent City, CA
137,"El Centro, CA",20940,2019,365,125,219,19,2,0,0,185,93,58,0,1,210,79,75,El Centro, CA
148,"Eureka-Arcata-Fortuna, CA",21700,2019,363,353,10,0,0,0,0,65,40,27,2,1,272,50,38,Eureka-Arcata-Fortuna, CA
169,"Fresno, CA",23420,2019,365,139,160,64,2,0,0,187,115,60,0,3,259,80,23,Fresno, CA
194,"Hanford-Corcoran, CA",25260,2019,365,152,172,37,2,0,2,507,105,56,0,0,190,103,72,Hanford-Corcoran, CA
273,"Los Angeles-Long Beach-Anaheim, CA",31080,2019,365,66,208,62,28,1,0,201,140,72,0,33,205,118,9,Los Angeles-Long Beach-Anaheim, CA
279,"Madera, CA",31460,2019,365,189,163,13,0,0,0,140,84,50,0,0,259,67,39,Madera, CA
293,"Merced, CA",32900,2019,365,213,145,7,0,0,0,119,79,48,0,0,250,113,2,Merced, CA
304,"Modesto, CA",33700,2019,365,201,141,22,1,0,0,177,91,49,0,0,245,107,13,Modesto, CA
321,"Napa, CA",34900,2019,363,330,31,2,0,0,0,119,49,35,2,0,265,96,0,Napa, CA
343,"Oxnard-Thousand Oaks-Ventura, CA",37100,2019,365,214,142,9,0,0,0,126,77,46,0,5,284,65,11,Oxnard-Thousand Oaks-Ventura, CA
379,"Red Bluff, CA",39780,2019,365,282,83,0,0,0,0,93,64,41,0,0,323,41,1,Red Bluff, CA
381,"Redding, CA",39820,2019,364,311,53,0,0,0,0,100,54,42,0,0,352,10,2,Redding, CA
384,"Riverside-San Bernardino-Ontario, CA",40140,2019,365,42,178,79,58,8,0,213,169,89,0,11,228,89,37,Riverside-San Bernardino-Ontario, CA
399,"Sacramento--Roseville--Arden-Arcade, CA",40900,2019,365,181,164,20,0,0,0,140,90,51,0,1,251,107,6,Sacramento--Roseville--Arden-Arcade, CA
402,"Salinas, CA",41500,2019,365,330,34,1,0,0,0,144,50,37,2,0,288,61,14,Salinas, CA
406,"San Diego-Carlsbad, CA",41740,2019,365,87,253,23,2,0,0,169,93,64,0,2,176,184,3,San Diego-Carlsbad, CA
407,"San Francisco-Oakland-Hayward, CA",41860,2019,365,254,102,9,0,0,0,150,66,43,0,23,190,152,0,San Francisco-Oakland-Hayward, CA
408,"San Jose-Sunnyvale-Santa Clara, CA",41940,2019,365,263,98,4,0,0,0,136,67,43,0,2,236,123,4,San Jose-Sunnyvale-Santa Clara, CA
410,"San Luis Obispo-Paso Robles-Arroyo Grande, CA",42020,2019,365,230,132,3,0,0,0,108,74,46,0,0,282,45,38,San Luis Obispo-Paso Robles-Arroyo Grande, CA
412,"Santa Cruz-Watsonville, CA",42100,2019,365,347,18,0,0,0,0,70,46,35,0,0,262,103,0,Santa Cruz-Watsonville, CA
414,"Santa Maria-Santa Barbara, CA",42200,2019,365,286,78,1,0,0,0,105,59,43,0,0,295,57,13,Santa Maria-Santa Barbara, CA
415,"Santa Rosa, CA",42220,2019,365,348,17,0,0,0,0,87,44,33,0,3,258,94,10,Santa Rosa, CA
437,"Sonora, CA",43760,2019,358,273,83,2,0,0,0,108,67,43,0,0,358,0,0,Sonora, CA
452,"Stockton-Lodi, CA",44700,2019,365,231,122,11,1,0,0,190,80,44,0,3,236,109,17,Stockton-Lodi, CA
466,"Truckee-Grass Valley, CA",46020,2019,361,273,83,5,0,0,0,122,71,44,0,0,326,35,0,Truckee-Grass Valley, CA
473,"Ukiah, CA",46380,2019,361,334,27,0,0,0,0,77,47,33,0,0,229,120,12,Ukiah, CA
477,"Vallejo-Fairfield, CA",46700,2019,365,290,74,1,0,0,0,119,59,40,0,2,225,138,0,Vallejo-Fairfield, CA
484,"Visalia-Porterville, CA",47300,2019,365,127,157,78,2,1,0,280,122,66,0,2,242,99,22,Visalia-Porterville, CA
514,"Yuba City, CA",49700,2019,365,239,124,2,0,0,0,110,71,44,0,0,249,109,7,Yuba City, CA
29,"Bakersfield, CA",12540,2020,366,78,158,98,30,2,0,267,140,81,0,0,206,143,17,Bakersfield, CA
46,"Bishop, CA",13860,2020,366,172,139,23,19,5,8,684,130,52,0,0,228,116,22,Bishop, CA
86,"Chico, CA",17020,2020,366,183,144,18,18,2,1,379,110,51,0,0,195,164,7,Chico, CA
91,"Clearlake, CA",17340,2020,351,341,6,1,3,0,0,180,43,32,0,0,336,13,2,Clearlake, CA
109,"Crescent City, CA",18860,2020,292,248,35,4,4,1,0,220,55,32,0,0,0,292,0,Crescent City, CA
137,"El Centro, CA",20940,2020,366,119,219,26,2,0,0,166,97,58,0,2,181,73,110,El Centro, CA
148,"Eureka-Arcata-Fortuna, CA",21700,2020,366,333,30,3,0,0,0,109,44,29,0,0,236,68,62,Eureka-Arcata-Fortuna, CA
168,"Fresno, CA",23420,2020,366,94,173,59,34,6,0,298,153,74,0,3,168,180,15,Fresno, CA
192,"Hanford-Corcoran, CA",25260,2020,366,98,198,54,15,0,1,543,124,67,0,0,148,164,54,Hanford-Corcoran, CA
269,"Los Angeles-Long Beach-Anaheim, CA",31080,2020,366,60,164,79,47,16,0,235,166,84,0,23,210,128,5,Los Angeles-Long Beach-Anaheim, CA
275,"Madera, CA",31460,2020,366,137,176,34,17,2,0,250,113,61,0,0,192,149,25,Madera, CA
288,"Merced, CA",32900,2020,366,171,163,17,15,0,0,183,95,53,0,0,192,173,1,Merced, CA
299,"Modesto, CA",33700,2020,366,156,173,21,16,0,0,189,102,55,0,1,195,150,20,Modesto, CA
315,"Napa, CA",34900,2020,365,298,52,7,8,0,0,199,62,36,3,0,227,135,0,Napa, CA
337,"Oxnard-Thousand Oaks-Ventura, CA",37100,2020,366,225,115,21,5,0,0,174,90,47,0,0,299,58,9,Oxnard-Thousand Oaks-Ventura, CA
373,"Red Bluff, CA",39780,2020,366,249,84,12,21,0,0,196,93,43,0,0,244,122,0,Red Bluff, CA
375,"Redding, CA",39820,2020,366,295,63,6,2,0,0,166,64,41,0,0,336,30,0,Redding, CA
378,"Riverside-San Bernardino-Ontario, CA",40140,2020,366,37,153,82,72,20,2,576,187,98,0,10,216,104,36,Riverside-San Bernardino-Ontario, CA
393,"Sacramento--Roseville--Arden-Arcade, CA",40900,2020,366,132,184,23,24,3,0,222,123,60,0,1,200,156,9,Sacramento--Roseville--Arden-Arcade, CA
396,"Salinas, CA",41500,2020,366,299,52,4,9,2,0,250,63,36,0,0,223,106,37,Salinas, CA
400,"San Diego-Carlsbad, CA",41740,2020,366,60,257,35,14,0,0,192,108,71,0,2,118,243,3,San Diego-Carlsbad, CA
401,"San Francisco-Oakland-Hayward, CA",41860,2020,366,225,119,9,12,1,0,218,83,45,0,14,155,197,0,San Francisco-Oakland-Hayward, CA
402,"San Jose-Sunnyvale-Santa Clara, CA",41940,2020,366,227,117,11,11,0,0,186,80,45,0,4,190,168,4,San Jose-Sunnyvale-Santa Clara, CA
404,"San Luis Obispo-Paso Robles-Arroyo Grande, CA",42020,2020,366,211,124,21,8,2,0,292,90,48,0,0,250,96,20,San Luis Obispo-Paso Robles-Arroyo Grande, CA
406,"Santa Cruz-Watsonville, CA",42100,2020,366,304,42,6,10,2,2,426,64,34,0,0,207,159,0,Santa Cruz-Watsonville, CA
408,"Santa Maria-Santa Barbara, CA",42200,2020,366,273,80,9,4,0,0,168,66,42,0,0,247,113,6,Santa Maria-Santa Barbara, CA
409,"Santa Rosa, CA",42220,2020,366,319,40,1,6,0,0,187,53,33,0,1,215,139,11,Santa Rosa, CA
428,"Sonora, CA",43760,2020,353,277,71,5,0,0,0,143,64,41,0,0,353,0,0,Sonora, CA
443,"Stockton-Lodi, CA",44700,2020,366,197,138,16,15,0,0,195,96,48,0,0,177,169,20,Stockton-Lodi, CA
457,"Truckee-Grass Valley, CA",46020,2020,366,268,66,15,13,4,0,252,90,41,0,0,237,129,0,Truckee-Grass Valley, CA
464,"Ukiah, CA",46380,2020,366,280,63,10,10,1,2,456,76,34,0,0,179,182,5,Ukiah, CA
468,"Vallejo-Fairfield, CA",46700,2020,366,257,93,9,6,1,0,204,76,41,0,0,191,174,1,Vallejo-Fairfield, CA
475,"Visalia-Porterville, CA",47300,2020,366,79,152,103,30,2,0,209,145,79,0,0,186,166,14,Visalia-Porterville, CA
502,"Yuba City, CA",49700,2020,366,208,127,15,14,1,1,303,89,48,0,0,183,179,4,Yuba City, CA
29,"Bakersfield, CA",12540,2021,365,65,172,97,29,1,1,316,147,84,0,0,185,159,21,Bakersfield, CA
47,"Bishop, CA",13860,2021,365,131,191,25,13,2,3,552,115,58,0,0,181,153,31,Bishop, CA
87,"Chico, CA",17020,2021,365,198,136,18,11,2,0,233,90,48,0,0,222,140,3,Chico, CA
92,"Clearlake, CA",17340,2021,356,350,5,0,1,0,0,156,43,33,0,0,341,13,2,Clearlake, CA
110,"Crescent City, CA",18860,2021,323,303,20,0,0,0,0,69,45,23,0,0,0,323,0,Crescent City, CA
139,"El Centro, CA",20940,2021,365,113,223,22,4,1,2,442,97,58,0,1,161,65,138,El Centro, CA
150,"Eureka-Arcata-Fortuna, CA",21700,2021,365,353,12,0,0,0,0,60,40,28,12,0,234,60,59,Eureka-Arcata-Fortuna, CA
170,"Fresno, CA",23420,2021,365,102,181,63,18,1,0,278,130,67,0,1,186,161,17,Fresno, CA
194,"Hanford-Corcoran, CA",25260,2021,365,113,201,40,10,0,1,666,109,61,0,0,139,139,87,Hanford-Corcoran, CA
271,"Los Angeles-Long Beach-Anaheim, CA",31080,2021,365,39,228,71,26,1,0,281,143,77,0,24,168,165,8,Los Angeles-Long Beach-Anaheim, CA
277,"Madera, CA",31460,2021,365,157,173,28,7,0,0,194,100,56,0,0,237,103,25,Madera, CA
290,"Merced, CA",32900,2021,365,184,148,31,2,0,0,162,100,50,0,0,247,113,5,Merced, CA
301,"Modesto, CA",33700,2021,365,136,182,42,5,0,0,172,105,58,0,0,193,157,15,Modesto, CA
317,"Napa, CA",34900,2021,140,127,13,0,0,0,0,77,50,38,1,0,101,38,0,Napa, CA
339,"Oxnard-Thousand Oaks-Ventura, CA",37100,2021,365,208,147,10,0,0,0,122,78,48,0,0,278,75,12,Oxnard-Thousand Oaks-Ventura, CA
375,"Red Bluff, CA",39780,2021,365,235,94,21,15,0,0,182,100,44,0,0,286,79,0,Red Bluff, CA
377,"Redding, CA",39820,2021,365,234,99,15,15,2,0,216,93,45,0,0,297,68,0,Redding, CA
380,"Riverside-San Bernardino-Ontario, CA",40140,2021,365,26,173,83,69,12,2,487,174,97,0,11,197,113,44,Riverside-San Bernardino-Ontario, CA
395,"Sacramento--Roseville--Arden-Arcade, CA",40900,2021,365,138,169,38,12,5,3,448,126,62,0,0,241,122,2,Sacramento--Roseville--Arden-Arcade, CA
398,"Salinas, CA",41500,2021,365,321,44,0,0,0,0,80,52,37,0,0,239,108,18,Salinas, CA
402,"San Diego-Carlsbad, CA",41740,2021,365,98,251,16,0,0,0,133,90,64,0,4,217,141,3,San Diego-Carlsbad, CA
403,"San Francisco-Oakland-Hayward, CA",41860,2021,365,212,143,9,1,0,0,151,69,46,0,4,175,186,0,San Francisco-Oakland-Hayward, CA
404,"San Jose-Sunnyvale-Santa Clara, CA",41940,2021,365,221,137,7,0,0,0,147,72,46,0,0,200,161,4,San Jose-Sunnyvale-Santa Clara, CA
406,"San Luis Obispo-Paso Robles-Arroyo Grande, CA",42020,2021,365,209,148,8,0,0,0,133,77,48,0,0,246,92,27,San Luis Obispo-Paso Robles-Arroyo Grande, CA
408,"Santa Cruz-Watsonville, CA",42100,2021,365,339,26,0,0,0,0,77,47,34,0,0,256,109,0,Santa Cruz-Watsonville, CA
410,"Santa Maria-Santa Barbara, CA",42200,2021,365,300,64,1,0,0,0,101,55,41,0,0,278,84,3,Santa Maria-Santa Barbara, CA
411,"Santa Rosa, CA",42220,2021,365,321,44,0,0,0,0,88,52,33,0,0,217,137,11,Santa Rosa, CA
430,"Sonora, CA",43760,2021,360,295,63,2,0,0,0,136,61,41,0,0,360,0,0,Sonora, CA
445,"Stockton-Lodi, CA",44700,2021,365,178,171,15,1,0,0,153,84,51,0,0,170,165,30,Stockton-Lodi, CA
459,"Truckee-Grass Valley, CA",46020,2021,365,221,91,34,15,4,0,288,115,45,0,0,240,125,0,Truckee-Grass Valley, CA
466,"Ukiah, CA",46380,2021,365,273,84,6,2,0,0,176,65,38,0,0,144,220,1,Ukiah, CA
470,"Vallejo-Fairfield, CA",46700,2021,365,267,95,3,0,0,0,126,62,40,0,1,239,124,1,Vallejo-Fairfield, CA
477,"Visalia-Porterville, CA",47300,2021,365,78,153,93,39,1,1,537,153,80,0,0,205,151,9,Visalia-Porterville, CA
504,"Yuba City, CA",49700,2021,364,165,177,17,5,0,0,169,90,54,0,0,149,214,1,Yuba City, CA
29,"Bakersfield, CA",12540,2022,210,81,106,21,2,0,0,152,107,57,0,0,102,92,16,Bakersfield, CA
46,"Bishop, CA",13860,2022,304,162,125,11,2,2,2,1445,85,50,0,0,177,94,33,Bishop, CA
85,"Chico, CA",17020,2022,187,144,43,0,0,0,0,90,67,43,1,0,143,43,0,Chico, CA
90,"Clearlake, CA",17340,2022,15,15,0,0,0,0,0,33,23,16,0,0,0,14,1,Clearlake, CA
108,"Crescent City, CA",18860,2022,171,163,8,0,0,0,0,70,40,23,0,0,0,171,0,Crescent City, CA
136,"El Centro, CA",20940,2022,238,82,122,23,4,2,5,762,114,57,0,4,74,42,118,El Centro, CA
146,"Eureka-Arcata-Fortuna, CA",21700,2022,274,269,5,0,0,0,0,68,32,23,1,0,214,30,29,Eureka-Arcata-Fortuna, CA
166,"Fresno, CA",23420,2022,243,77,134,31,1,0,0,151,103,64,0,0,166,73,4,Fresno, CA
190,"Hanford-Corcoran, CA",25260,2022,304,76,197,30,1,0,0,187,101,67,0,0,174,72,58,Hanford-Corcoran, CA
265,"Los Angeles-Long Beach-Anaheim, CA",31080,2022,182,18,131,20,13,0,0,192,129,70,1,29,86,58,8,Los Angeles-Long Beach-Anaheim, CA
271,"Madera, CA",31460,2022,120,70,48,2,0,0,0,112,79,48,0,0,67,51,2,Madera, CA
284,"Merced, CA",32900,2022,90,41,47,2,0,0,0,115,85,53,0,0,31,58,1,Merced, CA
295,"Modesto, CA",33700,2022,186,103,76,7,0,0,0,111,91,48,1,0,89,93,3,Modesto, CA
332,"Oxnard-Thousand Oaks-Ventura, CA",37100,2022,243,141,98,4,0,0,0,140,80,48,0,1,211,31,0,Oxnard-Thousand Oaks-Ventura, CA
368,"Red Bluff, CA",39780,2022,191,172,19,0,0,0,0,100,50,39,0,0,161,20,10,Red Bluff, CA
370,"Redding, CA",39820,2022,207,186,21,0,0,0,0,71,51,44,0,0,201,1,5,Redding, CA
373,"Riverside-San Bernardino-Ontario, CA",40140,2022,243,25,125,57,29,2,5,1564,164,84,0,13,116,49,65,Riverside-San Bernardino-Ontario, CA
386,"Sacramento--Roseville--Arden-Arcade, CA",40900,2022,273,120,136,17,0,0,0,133,93,54,0,0,221,51,1,Sacramento--Roseville--Arden-Arcade, CA
389,"Salinas, CA",41500,2022,182,166,16,0,0,0,0,63,49,39,1,0,135,31,15,Salinas, CA
393,"San Diego-Carlsbad, CA",41740,2022,283,156,120,6,1,0,0,156,77,49,0,2,101,176,4,San Diego-Carlsbad, CA
394,"San Francisco-Oakland-Hayward, CA",41860,2022,244,159,83,2,0,0,0,122,64,44,1,2,127,114,0,San Francisco-Oakland-Hayward, CA
395,"San Jose-Sunnyvale-Santa Clara, CA",41940,2022,244,167,75,2,0,0,0,112,68,44,1,0,176,67,0,San Jose-Sunnyvale-Santa Clara, CA
397,"San Luis Obispo-Paso Robles-Arroyo Grande, CA",42020,2022,181,64,115,2,0,0,0,115,72,55,0,0,80,92,9,San Luis Obispo-Paso Robles-Arroyo Grande, CA
399,"Santa Cruz-Watsonville, CA",42100,2022,181,170,11,0,0,0,0,54,47,35,0,0,117,64,0,Santa Cruz-Watsonville, CA
401,"Santa Maria-Santa Barbara, CA",42200,2022,182,148,34,0,0,0,0,93,56,43,1,0,150,30,1,Santa Maria-Santa Barbara, CA
402,"Santa Rosa, CA",42220,2022,244,229,15,0,0,0,0,61,47,32,1,0,175,66,2,Santa Rosa, CA
421,"Sonora, CA",43760,2022,180,177,3,0,0,0,0,71,45,37,0,0,180,0,0,Sonora, CA
436,"Stockton-Lodi, CA",44700,2022,182,123,56,3,0,0,0,109,84,43,3,0,114,61,4,Stockton-Lodi, CA
450,"Truckee-Grass Valley, CA",46020,2022,243,146,89,8,0,0,0,119,84,48,0,0,207,36,0,Truckee-Grass Valley, CA
460,"Vallejo-Fairfield, CA",46700,2022,273,222,51,0,0,0,0,90,61,40,0,0,212,61,0,Vallejo-Fairfield, CA
468,"Visalia-Porterville, CA",47300,2022,212,70,96,44,2,0,0,156,119,67,0,0,142,70,0,Visalia-Porterville, CA
494,"Yuba City, CA",49700,2022,181,116,64,1,0,0,0,102,76,46,0,0,107,74,0,Yuba City, CA
44,"Billings, MT",13740,2012,362,331,31,0,0,0,0,94,45,18,0,0,0,362,0,Billings, MT
56,"Bozeman, MT",14580,2012,366,305,53,8,0,0,0,138,62,25,1,30,0,335,0,Bozeman, MT
68,"Butte-Silver Bow, MT",15580,2012,363,257,93,8,5,0,0,174,78,31,0,0,0,285,78,Butte-Silver Bow, MT
187,"Great Falls, MT",24500,2012,360,299,58,3,0,0,0,132,57,32,0,0,0,360,0,Great Falls, MT
204,"Helena, MT",25740,2012,366,271,88,7,0,0,0,148,67,40,0,0,208,158,0,Helena, MT
236,"Kalispell, MT",28060,2012,366,297,69,0,0,0,0,94,60,38,0,0,220,118,28,Kalispell, MT
310,"Missoula, MT",33540,2012,366,99,220,32,15,0,0,178,117,61,0,0,56,308,2,Missoula, MT
44,"Billings, MT",13740,2013,355,349,6,0,0,0,0,77,36,14,0,0,0,355,0,Billings, MT
56,"Bozeman, MT",14580,2013,365,334,31,0,0,0,0,76,48,24,0,7,0,358,0,Bozeman, MT
67,"Butte-Silver Bow, MT",15580,2013,365,275,84,5,1,0,0,152,64,29,0,0,0,314,51,Butte-Silver Bow, MT
188,"Great Falls, MT",24500,2013,337,311,26,0,0,0,0,71,48,26,0,0,0,337,0,Great Falls, MT
205,"Helena, MT",25740,2013,365,314,51,0,0,0,0,100,57,38,0,0,249,116,0,Helena, MT
237,"Kalispell, MT",28060,2013,365,284,77,4,0,0,0,125,59,40,0,0,185,140,40,Kalispell, MT
308,"Missoula, MT",33540,2013,365,156,185,18,6,0,0,163,89,55,0,0,98,267,0,Missoula, MT
45,"Billings, MT",13740,2014,324,287,37,0,0,0,0,76,52,25,0,0,0,324,0,Billings, MT
57,"Bozeman, MT",14580,2014,365,325,40,0,0,0,0,85,51,25,0,10,0,355,0,Bozeman, MT
68,"Butte-Silver Bow, MT",15580,2014,362,279,82,1,0,0,0,108,61,30,0,0,0,325,37,Butte-Silver Bow, MT
188,"Great Falls, MT",24500,2014,330,270,58,1,1,0,0,154,56,29,0,0,0,330,0,Great Falls, MT
206,"Helena, MT",25740,2014,365,295,65,5,0,0,0,150,60,41,0,0,265,100,0,Helena, MT
238,"Kalispell, MT",28060,2014,365,291,72,2,0,0,0,141,60,38,0,0,196,137,32,Kalispell, MT
309,"Missoula, MT",33540,2014,365,222,125,16,2,0,0,157,86,43,0,0,145,216,4,Missoula, MT
45,"Billings, MT",13740,2015,325,301,23,1,0,0,0,122,45,28,0,0,0,325,0,Billings, MT
57,"Bozeman, MT",14580,2015,365,319,42,3,1,0,0,174,54,22,10,22,0,333,0,Bozeman, MT
68,"Butte-Silver Bow, MT",15580,2015,365,288,67,4,6,0,0,168,65,30,0,0,0,317,48,Butte-Silver Bow, MT
188,"Great Falls, MT",24500,2015,347,306,32,3,6,0,0,165,54,26,0,0,0,347,0,Great Falls, MT
208,"Helena, MT",25740,2015,365,290,62,8,5,0,0,171,67,41,0,0,241,124,0,Helena, MT
241,"Kalispell, MT",28060,2015,365,265,88,3,9,0,0,180,72,42,0,0,171,144,50,Kalispell, MT
309,"Missoula, MT",33540,2015,365,185,157,14,9,0,0,191,91,49,0,0,81,282,2,Missoula, MT
45,"Billings, MT",13740,2016,323,307,15,1,0,0,0,124,43,23,0,0,0,323,0,Billings, MT
56,"Bozeman, MT",14580,2016,366,317,38,7,3,0,1,365,56,25,3,10,0,353,0,Bozeman, MT
66,"Butte-Silver Bow, MT",15580,2016,366,310,56,0,0,0,0,94,59,22,0,0,0,315,51,Butte-Silver Bow, MT
184,"Great Falls, MT",24500,2016,356,343,13,0,0,0,0,72,39,25,0,0,0,356,0,Great Falls, MT
204,"Helena, MT",25740,2016,366,316,43,7,0,0,0,146,53,40,0,0,277,89,0,Helena, MT
237,"Kalispell, MT",28060,2016,366,326,40,0,0,0,0,77,51,35,0,0,238,79,49,Kalispell, MT
305,"Missoula, MT",33540,2016,366,166,175,25,0,0,0,139,95,53,0,0,50,316,0,Missoula, MT
44,"Billings, MT",13740,2017,356,304,47,5,0,0,0,141,58,25,0,0,0,356,0,Billings, MT
55,"Bozeman, MT",14580,2017,365,288,74,2,1,0,0,152,66,23,2,18,0,345,0,Bozeman, MT
65,"Butte-Silver Bow, MT",15580,2017,354,230,100,20,4,0,0,180,92,35,0,0,0,329,25,Butte-Silver Bow, MT
183,"Great Falls, MT",24500,2017,345,295,49,1,0,0,0,105,55,29,0,0,0,345,0,Great Falls, MT
203,"Helena, MT",25740,2017,365,237,99,17,12,0,0,170,92,45,0,0,221,144,0,Helena, MT
236,"Kalispell, MT",28060,2017,365,280,74,5,3,3,0,250,67,39,0,0,190,139,36,Kalispell, MT
304,"Missoula, MT",33540,2017,365,111,181,24,14,17,18,593,176,61,0,0,52,313,0,Missoula, MT
44,"Billings, MT",13740,2018,345,298,44,2,1,0,0,154,55,28,0,0,0,345,0,Billings, MT
55,"Bozeman, MT",14580,2018,365,323,36,5,1,0,0,153,52,25,0,8,0,357,0,Bozeman, MT
65,"Butte-Silver Bow, MT",15580,2018,363,308,54,1,0,0,0,120,56,20,0,0,0,200,163,Butte-Silver Bow, MT
184,"Great Falls, MT",24500,2018,360,329,25,5,1,0,0,162,49,25,0,0,0,360,0,Great Falls, MT
202,"Helena, MT",25740,2018,365,284,71,7,3,0,0,164,66,43,0,0,253,112,0,Helena, MT
235,"Kalispell, MT",28060,2018,365,268,81,11,5,0,0,182,66,41,0,0,186,160,19,Kalispell, MT
302,"Missoula, MT",33540,2018,365,198,163,3,1,0,0,153,78,48,0,0,102,260,3,Missoula, MT
43,"Billings, MT",13740,2019,292,287,4,0,1,0,0,157,35,23,0,0,0,292,0,Billings, MT
54,"Bozeman, MT",14580,2019,365,337,28,0,0,0,0,91,47,25,4,22,0,339,0,Bozeman, MT
64,"Butte-Silver Bow, MT",15580,2019,363,319,44,0,0,0,0,91,55,20,0,0,0,191,172,Butte-Silver Bow, MT
182,"Great Falls, MT",24500,2019,363,350,12,1,0,0,0,106,38,21,0,0,0,363,0,Great Falls, MT
200,"Helena, MT",25740,2019,365,288,75,2,0,0,0,144,64,40,0,0,252,113,0,Helena, MT
233,"Kalispell, MT",28060,2019,365,302,62,1,0,0,0,103,58,37,0,0,233,103,29,Kalispell, MT
302,"Missoula, MT",33540,2019,365,224,137,3,1,0,0,152,76,40,0,0,2,362,1,Missoula, MT
44,"Billings, MT",13740,2020,364,329,32,2,1,0,0,160,48,23,0,0,0,364,0,Billings, MT
55,"Bozeman, MT",14580,2020,366,327,28,9,2,0,0,159,52,22,3,9,0,354,0,Bozeman, MT
65,"Butte-Silver Bow, MT",15580,2020,366,317,41,5,3,0,0,173,56,19,0,0,0,205,161,Butte-Silver Bow, MT
180,"Great Falls, MT",24500,2020,359,338,18,3,0,0,0,115,44,18,0,0,0,359,0,Great Falls, MT
198,"Helena, MT",25740,2020,366,311,50,1,4,0,0,164,55,40,0,0,278,88,0,Helena, MT
229,"Kalispell, MT",28060,2020,366,317,41,3,5,0,0,190,56,35,0,0,249,82,35,Kalispell, MT
297,"Missoula, MT",33540,2020,366,210,137,13,6,0,0,176,83,47,0,0,148,218,0,Missoula, MT
45,"Billings, MT",13740,2021,340,255,75,9,1,0,0,163,66,30,0,0,0,340,0,Billings, MT
56,"Bozeman, MT",14580,2021,365,286,64,14,1,0,0,156,75,31,2,6,0,357,0,Bozeman, MT
66,"Butte-Silver Bow, MT",15580,2021,365,292,53,14,6,0,0,160,77,25,0,0,0,292,73,Butte-Silver Bow, MT
182,"Great Falls, MT",24500,2021,365,316,38,9,2,0,0,157,57,20,0,0,0,365,0,Great Falls, MT
200,"Helena, MT",25740,2021,365,278,70,14,3,0,0,155,74,43,0,0,258,107,0,Helena, MT
231,"Kalispell, MT",28060,2021,365,295,61,8,1,0,0,154,64,37,0,0,216,92,57,Kalispell, MT
299,"Missoula, MT",33540,2021,365,183,152,24,6,0,0,159,93,50,0,0,118,247,0,Missoula, MT
44,"Billings, MT",13740,2022,243,238,4,0,1,0,0,154,35,21,0,0,0,243,0,Billings, MT
55,"Bozeman, MT",14580,2022,243,233,10,0,0,0,0,73,38,23,0,2,0,241,0,Bozeman, MT
64,"Butte-Silver Bow, MT",15580,2022,243,217,25,1,0,0,0,102,51,19,0,0,0,134,109,Butte-Silver Bow, MT
178,"Great Falls, MT",24500,2022,239,235,4,0,0,0,0,54,27,15,0,0,0,239,0,Great Falls, MT
196,"Helena, MT",25740,2022,244,223,21,0,0,0,0,71,50,43,1,0,201,42,0,Helena, MT
226,"Kalispell, MT",28060,2022,243,219,24,0,0,0,0,69,50,38,0,0,153,56,34,Kalispell, MT
293,"Missoula, MT",33540,2022,243,162,77,4,0,0,0,140,71,43,0,0,140,103,0,Missoula, MT
208,"Hilo, HI",25900,2012,366,52,312,0,2,0,0,172,75,60,0,0,0,366,0,Hilo, HI
234,"Kahului-Wailuku-Lahaina, HI",27980,2012,349,334,15,0,0,0,0,64,40,25,0,0,0,349,0,Kahului-Wailuku-Lahaina, HI
238,"Kapaa, HI",28180,2012,365,351,14,0,0,0,0,60,45,27,16,15,0,334,0,Kapaa, HI
483,"Urban Honolulu, HI",46520,2012,366,335,31,0,0,0,0,75,48,33,0,0,129,232,5,Urban Honolulu, HI
208,"Hilo, HI",25900,2013,365,81,284,0,0,0,0,93,68,56,0,0,0,365,0,Hilo, HI
235,"Kahului-Wailuku-Lahaina, HI",27980,2013,362,328,34,0,0,0,0,79,50,28,0,0,0,362,0,Kahului-Wailuku-Lahaina, HI
239,"Kapaa, HI",28180,2013,365,364,1,0,0,0,0,53,32,15,5,72,0,288,0,Kapaa, HI
483,"Urban Honolulu, HI",46520,2013,365,347,18,0,0,0,0,67,46,30,0,0,141,221,3,Urban Honolulu, HI
209,"Hilo, HI",25900,2014,358,157,199,2,0,0,0,118,63,52,0,0,0,358,0,Hilo, HI
236,"Kahului-Wailuku-Lahaina, HI",27980,2014,341,332,8,1,0,0,0,136,38,22,0,0,0,341,0,Kahului-Wailuku-Lahaina, HI
240,"Kapaa, HI",28180,2014,341,338,3,0,0,0,0,56,31,18,0,51,0,290,0,Kapaa, HI
480,"Urban Honolulu, HI",46520,2014,359,348,10,0,1,0,0,195,42,29,2,2,231,108,16,Urban Honolulu, HI
211,"Hilo, HI",25900,2015,365,70,295,0,0,0,0,98,71,58,0,0,0,365,0,Hilo, HI
239,"Kahului-Wailuku-Lahaina, HI",27980,2015,365,344,21,0,0,0,0,75,43,25,0,0,0,365,0,Kahului-Wailuku-Lahaina, HI
243,"Kapaa, HI",28180,2015,362,361,1,0,0,0,0,53,31,14,0,128,0,234,0,Kapaa, HI
483,"Urban Honolulu, HI",46520,2015,365,331,34,0,0,0,0,62,49,34,0,2,161,185,17,Urban Honolulu, HI
207,"Hilo, HI",25900,2016,366,22,339,5,0,0,0,117,76,61,0,0,0,366,0,Hilo, HI
235,"Kahului-Wailuku-Lahaina, HI",27980,2016,366,348,17,1,0,0,0,130,39,21,0,0,0,366,0,Kahului-Wailuku-Lahaina, HI
239,"Kapaa, HI",28180,2016,358,356,2,0,0,0,0,54,28,14,0,61,0,297,0,Kapaa, HI
481,"Urban Honolulu, HI",46520,2016,366,353,13,0,0,0,0,60,43,31,0,1,282,62,21,Urban Honolulu, HI
206,"Hilo, HI",25900,2017,365,164,201,0,0,0,0,97,75,53,0,0,0,365,0,Hilo, HI
234,"Kahului-Wailuku-Lahaina, HI",27980,2017,364,355,9,0,0,0,0,87,36,21,0,0,0,364,0,Kahului-Wailuku-Lahaina, HI
238,"Kapaa, HI",28180,2017,359,358,1,0,0,0,0,53,27,12,0,84,0,275,0,Kapaa, HI
480,"Urban Honolulu, HI",46520,2017,365,355,10,0,0,0,0,64,42,29,1,8,287,69,0,Urban Honolulu, HI
205,"Hilo, HI",25900,2018,365,200,151,12,2,0,0,153,87,47,0,0,0,365,0,Hilo, HI
233,"Kahului-Wailuku-Lahaina, HI",27980,2018,361,357,4,0,0,0,0,73,29,19,0,0,0,361,0,Kahului-Wailuku-Lahaina, HI
237,"Kapaa, HI",28180,2018,355,355,0,0,0,0,0,48,29,15,0,166,0,189,0,Kapaa, HI
475,"Urban Honolulu, HI",46520,2018,365,362,3,0,0,0,0,70,40,29,1,2,271,84,7,Urban Honolulu, HI
203,"Hilo, HI",25900,2019,365,361,4,0,0,0,0,79,25,16,0,0,0,365,0,Hilo, HI
231,"Kahului-Wailuku-Lahaina, HI",27980,2019,362,347,11,3,1,0,0,166,30,15,0,0,0,362,0,Kahului-Wailuku-Lahaina, HI
235,"Kapaa, HI",28180,2019,363,362,1,0,0,0,0,66,26,13,0,144,0,219,0,Kapaa, HI
474,"Urban Honolulu, HI",46520,2019,365,362,3,0,0,0,0,61,41,27,1,5,313,45,1,Urban Honolulu, HI
201,"Hilo, HI",25900,2020,366,357,9,0,0,0,0,80,30,17,0,0,0,366,0,Hilo, HI
227,"Kahului-Wailuku-Lahaina, HI",27980,2020,349,347,2,0,0,0,0,56,23,15,0,0,0,349,0,Kahului-Wailuku-Lahaina, HI
231,"Kapaa, HI",28180,2020,365,365,0,0,0,0,0,41,25,11,0,85,0,280,0,Kapaa, HI
465,"Urban Honolulu, HI",46520,2020,366,365,1,0,0,0,0,58,36,26,0,1,308,54,3,Urban Honolulu, HI
203,"Hilo, HI",25900,2021,365,358,7,0,0,0,0,60,36,19,0,0,0,365,0,Hilo, HI
229,"Kahului-Wailuku-Lahaina, HI",27980,2021,363,362,1,0,0,0,0,58,23,15,0,0,0,363,0,Kahului-Wailuku-Lahaina, HI
233,"Kapaa, HI",28180,2021,364,364,0,0,0,0,0,35,22,13,0,50,0,314,0,Kapaa, HI
467,"Urban Honolulu, HI",46520,2021,365,364,1,0,0,0,0,52,38,26,1,3,306,42,13,Urban Honolulu, HI
199,"Hilo, HI",25900,2022,209,207,2,0,0,0,0,58,38,26,0,0,0,209,0,Hilo, HI
224,"Kahului-Wailuku-Lahaina, HI",27980,2022,181,179,2,0,0,0,0,72,28,18,0,0,0,181,0,Kahului-Wailuku-Lahaina, HI
228,"Kapaa, HI",28180,2022,90,90,0,0,0,0,0,34,19,10,0,17,0,73,0,Kapaa, HI
457,"Urban Honolulu, HI",46520,2022,182,181,0,1,0,0,0,142,36,29,1,1,149,26,5,Urban Honolulu, HI
161,"Flagstaff, AZ",22380,2012,366,238,113,15,0,0,0,133,80,46,0,0,354,12,0,Flagstaff, AZ
256,"Lake Havasu City-Kingman, AZ",29420,2012,240,235,4,1,0,0,0,116,35,19,0,0,0,48,192,Lake Havasu City-Kingman, AZ
337,"Nogales, AZ",35700,2012,337,229,107,1,0,0,0,107,62,41,0,0,0,24,313,Nogales, AZ
357,"Payson, AZ",37740,2012,364,148,187,28,1,0,0,160,97,54,0,0,199,3,162,Payson, AZ
361,"Phoenix-Mesa-Scottsdale, AZ",38060,2012,366,23,232,92,11,4,4,594,133,84,0,10,133,41,182,Phoenix-Mesa-Scottsdale, AZ
373,"Prescott, AZ",39140,2012,283,206,68,9,0,0,0,112,74,45,0,0,239,43,1,Prescott, AZ
436,"Show Low, AZ",43320,2012,366,245,114,7,0,0,0,126,80,45,0,0,351,0,15,Show Low, AZ
438,"Sierra Vista-Douglas, AZ",43420,2012,360,208,143,9,0,0,0,120,84,48,0,0,320,25,15,Sierra Vista-Douglas, AZ
476,"Tucson, AZ",46060,2012,366,183,174,9,0,0,0,143,84,51,0,14,241,14,97,Tucson, AZ
523,"Yuma, AZ",49740,2012,366,233,107,24,2,0,0,166,90,46,0,0,190,9,167,Yuma, AZ
162,"Flagstaff, AZ",22380,2013,364,262,99,3,0,0,0,115,71,46,0,0,360,4,0,Flagstaff, AZ
255,"Lake Havasu City-Kingman, AZ",29420,2013,358,343,14,1,0,0,0,127,36,18,0,0,0,42,316,Lake Havasu City-Kingman, AZ
335,"Nogales, AZ",35700,2013,344,253,86,3,2,0,0,159,64,36,0,0,0,122,222,Nogales, AZ
355,"Payson, AZ",37740,2013,365,197,156,11,0,1,0,276,84,49,0,0,200,0,165,Payson, AZ
359,"Phoenix-Mesa-Scottsdale, AZ",38060,2013,365,30,230,77,20,5,3,902,138,80,0,14,123,67,161,Phoenix-Mesa-Scottsdale, AZ
371,"Prescott, AZ",39140,2013,288,226,61,1,0,0,0,101,64,44,0,0,245,41,2,Prescott, AZ
436,"Show Low, AZ",43320,2013,365,246,119,0,0,0,0,100,74,46,0,0,351,0,14,Show Low, AZ
438,"Sierra Vista-Douglas, AZ",43420,2013,365,219,139,7,0,0,0,149,77,48,0,0,286,12,67,Sierra Vista-Douglas, AZ
476,"Tucson, AZ",46060,2013,365,208,149,5,0,2,1,312,80,49,0,3,269,25,68,Tucson, AZ
524,"Yuma, AZ",49740,2013,365,243,112,9,0,0,1,536,77,44,0,0,178,30,157,Yuma, AZ
163,"Flagstaff, AZ",22380,2014,357,250,102,5,0,0,0,126,67,44,0,0,346,11,0,Flagstaff, AZ
257,"Lake Havasu City-Kingman, AZ",29420,2014,365,356,9,0,0,0,0,77,31,18,0,0,0,19,346,Lake Havasu City-Kingman, AZ
335,"Nogales, AZ",35700,2014,365,267,94,2,2,0,0,199,69,34,0,0,0,121,244,Nogales, AZ
355,"Payson, AZ",37740,2014,365,251,110,4,0,0,0,150,71,45,0,0,202,2,161,Payson, AZ
359,"Phoenix-Mesa-Scottsdale, AZ",38060,2014,365,22,224,85,18,4,12,881,147,83,0,3,110,64,188,Phoenix-Mesa-Scottsdale, AZ
371,"Prescott, AZ",39140,2014,280,185,89,6,0,0,0,140,77,44,0,0,242,38,0,Prescott, AZ
434,"Show Low, AZ",43320,2014,365,272,91,2,0,0,0,101,64,44,0,0,359,1,5,Show Low, AZ
436,"Sierra Vista-Douglas, AZ",43420,2014,365,225,135,5,0,0,0,137,67,47,0,0,264,18,83,Sierra Vista-Douglas, AZ
474,"Tucson, AZ",46060,2014,365,221,141,3,0,0,0,129,74,48,0,5,247,28,85,Tucson, AZ
521,"Yuma, AZ",49740,2014,365,221,127,12,3,2,0,284,84,47,0,0,194,45,126,Yuma, AZ
163,"Flagstaff, AZ",22380,2015,365,260,101,4,0,0,0,108,71,44,0,0,359,6,0,Flagstaff, AZ
260,"Lake Havasu City-Kingman, AZ",29420,2015,364,354,10,0,0,0,0,58,32,17,0,0,0,41,323,Lake Havasu City-Kingman, AZ
336,"Nogales, AZ",35700,2015,365,294,68,3,0,0,0,135,60,30,0,0,0,264,101,Nogales, AZ
356,"Payson, AZ",37740,2015,365,258,102,5,0,0,0,129,74,43,0,0,269,4,92,Payson, AZ
360,"Phoenix-Mesa-Scottsdale, AZ",38060,2015,365,51,244,57,3,0,10,881,112,71,0,11,150,72,132,Phoenix-Mesa-Scottsdale, AZ
373,"Prescott, AZ",39140,2015,300,235,65,0,0,0,0,100,64,41,0,0,275,25,0,Prescott, AZ
437,"Show Low, AZ",43320,2015,365,317,48,0,0,0,0,100,54,39,0,0,320,9,36,Show Low, AZ
439,"Sierra Vista-Douglas, AZ",43420,2015,365,282,83,0,0,0,0,90,64,44,0,0,332,10,23,Sierra Vista-Douglas, AZ
476,"Tucson, AZ",46060,2015,365,247,117,1,0,0,0,101,71,45,0,2,281,16,66,Tucson, AZ
524,"Yuma, AZ",49740,2015,365,260,91,13,0,1,0,266,77,43,0,0,212,20,133,Yuma, AZ
160,"Flagstaff, AZ",22380,2016,366,301,65,0,0,0,0,97,58,44,0,0,363,3,0,Flagstaff, AZ
256,"Lake Havasu City-Kingman, AZ",29420,2016,357,336,21,0,0,0,0,83,40,18,0,0,0,34,323,Lake Havasu City-Kingman, AZ
334,"Nogales, AZ",35700,2016,363,260,102,0,1,0,0,191,62,38,0,0,0,200,163,Nogales, AZ
354,"Payson, AZ",37740,2016,366,257,107,2,0,0,0,115,71,44,0,0,300,2,64,Payson, AZ
358,"Phoenix-Mesa-Scottsdale, AZ",38060,2016,366,26,265,67,5,2,1,1263,115,74,0,13,107,79,167,Phoenix-Mesa-Scottsdale, AZ
371,"Prescott, AZ",39140,2016,349,300,49,0,0,0,0,90,54,40,0,0,343,6,0,Prescott, AZ
435,"Show Low, AZ",43320,2016,366,301,65,0,0,0,0,90,54,43,0,0,352,0,14,Show Low, AZ
437,"Sierra Vista-Douglas, AZ",43420,2016,366,281,83,2,0,0,0,141,61,44,0,0,323,3,40,Sierra Vista-Douglas, AZ
474,"Tucson, AZ",46060,2016,366,203,159,4,0,0,0,119,74,49,0,0,246,13,107,Tucson, AZ
522,"Yuma, AZ",49740,2016,366,228,124,12,1,0,1,419,77,46,0,0,213,43,110,Yuma, AZ
160,"Flagstaff, AZ",22380,2017,365,259,105,1,0,0,0,105,71,45,0,0,355,10,0,Flagstaff, AZ
255,"Lake Havasu City-Kingman, AZ",29420,2017,355,349,6,0,0,0,0,86,30,17,0,0,0,32,323,Lake Havasu City-Kingman, AZ
333,"Nogales, AZ",35700,2017,365,276,85,2,2,0,0,186,61,33,0,0,0,181,184,Nogales, AZ
353,"Payson, AZ",37740,2017,365,247,109,8,1,0,0,161,74,44,0,0,320,1,44,Payson, AZ
357,"Phoenix-Mesa-Scottsdale, AZ",38060,2017,365,32,238,82,11,1,1,365,123,84,0,12,135,58,160,Phoenix-Mesa-Scottsdale, AZ
370,"Prescott, AZ",39140,2017,340,231,104,5,0,0,0,119,74,46,0,0,326,14,0,Prescott, AZ
434,"Show Low, AZ",43320,2017,365,279,85,1,0,0,0,101,64,44,0,0,350,0,15,Show Low, AZ
436,"Sierra Vista-Douglas, AZ",43420,2017,365,255,108,2,0,0,0,111,71,44,0,0,302,10,53,Sierra Vista-Douglas, AZ
473,"Tucson, AZ",46060,2017,365,145,213,7,0,0,0,122,80,53,0,0,207,36,122,Tucson, AZ
521,"Yuma, AZ",49740,2017,365,241,110,12,1,1,0,235,72,45,0,0,209,50,106,Yuma, AZ
161,"Flagstaff, AZ",22380,2018,365,240,122,3,0,0,0,126,77,45,0,0,358,7,0,Flagstaff, AZ
254,"Lake Havasu City-Kingman, AZ",29420,2018,363,350,12,1,0,0,0,105,33,18,0,0,0,33,330,Lake Havasu City-Kingman, AZ
331,"Nogales, AZ",35700,2018,365,294,69,1,1,0,0,183,59,31,0,0,0,220,145,Nogales, AZ
351,"Payson, AZ",37740,2018,365,220,122,22,1,0,0,171,87,47,0,0,329,0,36,Payson, AZ
355,"Phoenix-Mesa-Scottsdale, AZ",38060,2018,365,42,238,66,7,4,8,996,126,77,0,10,144,58,153,Phoenix-Mesa-Scottsdale, AZ
368,"Prescott, AZ",39140,2018,365,292,72,1,0,0,0,101,61,43,0,0,363,2,0,Prescott, AZ
431,"Show Low, AZ",43320,2018,363,261,100,2,0,0,0,115,74,44,0,0,353,2,8,Show Low, AZ
433,"Sierra Vista-Douglas, AZ",43420,2018,365,276,89,0,0,0,0,90,63,44,0,0,313,18,34,Sierra Vista-Douglas, AZ
468,"Tucson, AZ",46060,2018,365,196,158,11,0,0,0,129,84,49,0,0,255,31,79,Tucson, AZ
516,"Yuma, AZ",49740,2018,365,239,110,15,1,0,0,169,80,45,0,0,235,33,97,Yuma, AZ
159,"Flagstaff, AZ",22380,2019,365,289,76,0,0,0,0,80,61,45,0,0,356,9,0,Flagstaff, AZ
252,"Lake Havasu City-Kingman, AZ",29420,2019,365,358,7,0,0,0,0,69,27,14,0,0,0,28,337,Lake Havasu City-Kingman, AZ
330,"Nogales, AZ",35700,2019,362,280,80,2,0,0,0,120,63,31,0,0,0,245,117,Nogales, AZ
350,"Payson, AZ",37740,2019,365,210,139,16,0,0,0,146,87,48,0,0,350,0,15,Payson, AZ
354,"Phoenix-Mesa-Scottsdale, AZ",38060,2019,365,50,261,42,2,3,7,886,107,74,0,3,169,72,121,Phoenix-Mesa-Scottsdale, AZ
367,"Prescott, AZ",39140,2019,357,299,58,0,0,0,0,87,54,43,0,0,355,2,0,Prescott, AZ
430,"Show Low, AZ",43320,2019,365,294,70,1,0,0,0,112,58,44,0,0,357,0,8,Show Low, AZ
432,"Sierra Vista-Douglas, AZ",43420,2019,365,266,99,0,0,0,0,97,64,45,0,0,327,13,25,Sierra Vista-Douglas, AZ
467,"Tucson, AZ",46060,2019,365,225,138,2,0,0,0,103,71,47,0,1,261,20,83,Tucson, AZ
515,"Yuma, AZ",49740,2019,365,265,97,3,0,0,0,129,67,45,0,0,273,42,50,Yuma, AZ
159,"Flagstaff, AZ",22380,2020,366,308,58,0,0,0,0,93,54,44,0,0,352,14,0,Flagstaff, AZ
248,"Lake Havasu City-Kingman, AZ",29420,2020,358,349,8,1,0,0,0,116,34,18,0,0,0,25,333,Lake Havasu City-Kingman, AZ
324,"Nogales, AZ",35700,2020,360,233,122,4,1,0,0,165,69,34,0,0,0,191,169,Nogales, AZ
344,"Payson, AZ",37740,2020,366,256,99,8,3,0,0,174,74,44,0,0,338,1,27,Payson, AZ
348,"Phoenix-Mesa-Scottsdale, AZ",38060,2020,366,11,125,85,69,74,2,1124,216,119,0,0,225,61,80,Phoenix-Mesa-Scottsdale, AZ
361,"Prescott, AZ",39140,2020,331,265,65,1,0,0,0,119,61,45,0,0,331,0,0,Prescott, AZ
421,"Show Low, AZ",43320,2020,366,317,47,2,0,0,0,136,54,43,0,0,360,3,3,Show Low, AZ
423,"Sierra Vista-Douglas, AZ",43420,2020,366,274,90,2,0,0,0,108,61,45,0,0,303,2,61,Sierra Vista-Douglas, AZ
458,"Tucson, AZ",46060,2020,366,154,199,12,0,1,0,277,77,53,0,0,202,45,119,Tucson, AZ
503,"Yuma, AZ",49740,2020,366,257,106,2,0,0,1,321,69,44,0,0,235,70,61,Yuma, AZ
161,"Flagstaff, AZ",22380,2021,365,268,97,0,0,0,0,93,64,45,0,0,360,5,0,Flagstaff, AZ
250,"Lake Havasu City-Kingman, AZ",29420,2021,363,360,2,0,1,0,0,156,34,19,0,0,0,0,363,Lake Havasu City-Kingman, AZ
326,"Nogales, AZ",35700,2021,360,216,142,1,1,0,0,166,70,43,0,0,0,218,142,Nogales, AZ
346,"Payson, AZ",37740,2021,365,240,115,8,2,0,0,180,80,45,0,0,345,0,20,Payson, AZ
350,"Phoenix-Mesa-Scottsdale, AZ",38060,2021,365,11,117,103,61,73,0,272,213,123,0,0,275,23,67,Phoenix-Mesa-Scottsdale, AZ
363,"Prescott, AZ",39140,2021,331,302,29,0,0,0,0,64,50,44,0,0,331,0,0,Prescott, AZ
423,"Show Low, AZ",43320,2021,365,293,71,1,0,0,0,101,61,44,0,0,338,1,26,Show Low, AZ
425,"Sierra Vista-Douglas, AZ",43420,2021,365,259,104,2,0,0,0,105,60,45,0,0,308,0,57,Sierra Vista-Douglas, AZ
460,"Tucson, AZ",46060,2021,365,143,208,13,0,0,1,315,85,53,0,0,200,58,107,Tucson, AZ
505,"Yuma, AZ",49740,2021,365,231,128,5,1,0,0,170,71,46,0,0,229,71,65,Yuma, AZ
157,"Flagstaff, AZ",22380,2022,273,196,76,1,0,0,0,101,67,47,0,0,273,0,0,Flagstaff, AZ
245,"Lake Havasu City-Kingman, AZ",29420,2022,273,257,15,1,0,0,0,115,36,18,0,0,0,0,273,Lake Havasu City-Kingman, AZ
319,"Nogales, AZ",35700,2022,270,224,46,0,0,0,0,93,60,32,0,0,0,181,89,Nogales, AZ
339,"Payson, AZ",37740,2022,273,158,97,16,2,0,0,177,90,48,0,0,257,0,16,Payson, AZ
343,"Phoenix-Mesa-Scottsdale, AZ",38060,2022,303,56,164,63,14,6,0,264,136,77,0,0,212,9,82,Phoenix-Mesa-Scottsdale, AZ
356,"Prescott, AZ",39140,2022,273,249,24,0,0,0,0,87,49,42,0,0,273,0,0,Prescott, AZ
414,"Show Low, AZ",43320,2022,272,221,51,0,0,0,0,93,61,43,0,0,209,0,63,Show Low, AZ
416,"Sierra Vista-Douglas, AZ",43420,2022,273,203,69,1,0,0,0,101,64,45,0,0,195,0,78,Sierra Vista-Douglas, AZ
451,"Tucson, AZ",46060,2022,273,157,108,8,0,0,0,142,78,48,0,0,123,15,135,Tucson, AZ
495,"Yuma, AZ",49740,2022,273,169,95,9,0,0,0,142,80,46,0,0,173,32,68,Yuma, AZ
54,"Boulder, CO",14500,2012,359,191,133,31,4,0,0,172,100,48,0,0,337,19,3,Boulder, CO
59,"Breckenridge, CO",14720,2012,123,119,4,0,0,0,0,64,31,12,0,0,0,0,123,Breckenridge, CO
76,"Caon City, CO",15860,2012,57,56,1,0,0,0,0,54,30,15,0,0,0,0,57,Caon City, CO
98,"Colorado Springs, CO",17820,2012,366,210,136,20,0,0,0,129,90,48,0,0,363,2,1,Colorado Springs, CO
109,"Craig, CO",18780,2012,361,266,94,1,0,0,0,105,64,44,0,0,361,0,0,Craig, CO
122,"Denver-Aurora-Lakewood, CO",19740,2012,366,112,184,63,7,0,0,190,115,63,0,74,256,28,8,Denver-Aurora-Lakewood, CO
132,"Durango, CO",20420,2012,366,218,146,2,0,0,0,108,80,48,0,2,361,1,2,Durango, CO
166,"Fort Collins, CO",22660,2012,366,166,150,45,5,0,0,172,105,54,0,0,356,8,2,Fort Collins, CO
181,"Glenwood Springs, CO",24060,2012,366,142,171,53,0,0,0,150,105,61,0,0,365,0,1,Glenwood Springs, CO
184,"Grand Junction, CO",24300,2012,366,200,155,11,0,0,0,122,87,48,0,0,340,17,9,Grand Junction, CO
188,"Greeley, CO",24540,2012,366,204,142,18,2,0,0,161,90,48,2,0,336,26,2,Greeley, CO
378,"Pueblo, CO",39380,2012,133,127,6,0,0,0,0,80,44,24,0,0,0,88,45,Pueblo, CO
458,"Steamboat Springs, CO",44460,2012,353,346,7,0,0,0,0,85,32,15,0,0,0,0,353,Steamboat Springs, CO
54,"Boulder, CO",14500,2013,360,238,106,15,1,0,0,151,87,45,0,0,336,23,1,Boulder, CO
75,"Caon City, CO",15860,2013,62,60,2,0,0,0,0,78,34,16,0,0,0,0,62,Caon City, CO
96,"Colorado Springs, CO",17820,2013,365,231,124,10,0,0,0,140,84,47,0,0,355,7,3,Colorado Springs, CO
109,"Craig, CO",18780,2013,357,290,67,0,0,0,0,90,58,44,0,0,357,0,0,Craig, CO
122,"Denver-Aurora-Lakewood, CO",19740,2013,365,102,219,36,8,0,0,169,105,62,0,62,249,44,10,Denver-Aurora-Lakewood, CO
132,"Durango, CO",20420,2013,365,233,127,4,0,1,0,293,77,47,0,6,357,1,1,Durango, CO
167,"Fort Collins, CO",22660,2013,365,194,143,26,2,0,0,164,93,49,0,0,349,14,2,Fort Collins, CO
182,"Glenwood Springs, CO",24060,2013,365,239,125,1,0,0,0,101,74,47,0,3,361,0,1,Glenwood Springs, CO
185,"Grand Junction, CO",24300,2013,365,227,134,4,0,0,0,117,71,47,0,0,325,30,10,Grand Junction, CO
189,"Greeley, CO",24540,2013,365,226,128,11,0,0,0,133,87,46,0,0,335,30,0,Greeley, CO
376,"Pueblo, CO",39380,2013,127,117,10,0,0,0,0,91,43,22,0,0,0,100,27,Pueblo, CO
458,"Steamboat Springs, CO",44460,2013,349,336,13,0,0,0,0,64,31,15,0,0,0,0,349,Steamboat Springs, CO
55,"Boulder, CO",14500,2014,360,261,94,5,0,0,0,126,71,44,0,0,332,27,1,Boulder, CO
76,"Caon City, CO",15860,2014,59,58,1,0,0,0,0,51,27,15,0,0,0,0,59,Caon City, CO
97,"Colorado Springs, CO",17820,2014,365,277,88,0,0,0,0,90,64,44,0,0,355,10,0,Colorado Springs, CO
109,"Craig, CO",18780,2014,270,236,34,0,0,0,0,90,51,43,0,0,270,0,0,Craig, CO
123,"Denver-Aurora-Lakewood, CO",19740,2014,365,102,229,33,1,0,0,152,100,63,0,50,252,54,9,Denver-Aurora-Lakewood, CO
133,"Durango, CO",20420,2014,365,280,84,1,0,0,0,101,64,44,0,0,364,1,0,Durango, CO
168,"Fort Collins, CO",22660,2014,365,202,146,17,0,0,0,140,80,49,0,0,353,12,0,Fort Collins, CO
182,"Glenwood Springs, CO",24060,2014,365,303,60,2,0,0,0,108,58,44,0,0,364,1,0,Glenwood Springs, CO
185,"Grand Junction, CO",24300,2014,365,251,113,1,0,0,0,101,64,46,0,0,274,89,2,Grand Junction, CO
189,"Greeley, CO",24540,2014,365,248,113,4,0,0,0,126,74,45,1,0,337,26,1,Greeley, CO
376,"Pueblo, CO",39380,2014,124,119,4,1,0,0,0,110,41,23,0,0,0,75,49,Pueblo, CO
456,"Steamboat Springs, CO",44460,2014,346,334,12,0,0,0,0,65,35,15,0,0,0,0,346,Steamboat Springs, CO
55,"Boulder, CO",14500,2015,365,265,93,7,0,0,0,129,69,44,0,0,335,28,2,Boulder, CO
76,"Caon City, CO",15860,2015,57,57,0,0,0,0,0,37,22,11,0,0,0,0,57,Caon City, CO
98,"Colorado Springs, CO",17820,2015,365,284,80,1,0,0,0,105,64,44,2,0,357,6,0,Colorado Springs, CO
110,"Craig, CO",18780,2015,141,137,4,0,0,0,0,77,46,36,0,0,141,0,0,Craig, CO
124,"Denver-Aurora-Lakewood, CO",19740,2015,365,84,255,24,2,0,0,169,94,63,0,82,219,60,4,Denver-Aurora-Lakewood, CO
134,"Durango, CO",20420,2015,365,271,92,2,0,0,0,108,64,43,0,2,363,0,0,Durango, CO
168,"Fort Collins, CO",22660,2015,365,198,150,16,1,0,0,161,80,49,0,0,322,43,0,Fort Collins, CO
182,"Glenwood Springs, CO",24060,2015,365,264,91,10,0,0,0,133,67,45,0,0,358,2,5,Glenwood Springs, CO
185,"Grand Junction, CO",24300,2015,365,253,109,3,0,0,0,105,67,45,0,0,291,74,0,Grand Junction, CO
189,"Greeley, CO",24540,2015,365,232,124,9,0,0,0,133,80,47,0,0,334,28,3,Greeley, CO
378,"Pueblo, CO",39380,2015,129,123,6,0,0,0,0,94,34,19,0,0,0,89,40,Pueblo, CO
458,"Steamboat Springs, CO",44460,2015,364,357,7,0,0,0,0,58,32,13,0,0,0,0,364,Steamboat Springs, CO
54,"Boulder, CO",14500,2016,204,190,14,0,0,0,0,97,48,35,0,0,108,80,16,Boulder, CO
74,"Caon City, CO",15860,2016,52,52,0,0,0,0,0,50,24,14,0,0,0,0,52,Caon City, CO
96,"Colorado Springs, CO",17820,2016,366,268,96,2,0,0,0,126,67,44,0,0,342,24,0,Colorado Springs, CO
108,"Craig, CO",18780,2016,345,316,29,0,0,0,0,67,50,41,0,0,345,0,0,Craig, CO
121,"Denver-Aurora-Lakewood, CO",19740,2016,366,92,245,25,4,0,0,159,93,61,0,88,216,47,15,Denver-Aurora-Lakewood, CO
131,"Durango, CO",20420,2016,366,251,107,8,0,0,0,122,80,46,0,1,359,3,3,Durango, CO
165,"Fort Collins, CO",22660,2016,366,189,169,7,1,0,0,151,87,50,0,0,317,47,2,Fort Collins, CO
179,"Glenwood Springs, CO",24060,2016,366,264,101,1,0,0,0,126,67,47,0,0,366,0,0,Glenwood Springs, CO
181,"Grand Junction, CO",24300,2016,366,260,105,1,0,0,0,102,64,46,0,0,299,67,0,Grand Junction, CO
185,"Greeley, CO",24540,2016,366,246,117,3,0,0,0,129,71,45,0,0,286,79,1,Greeley, CO
311,"Montrose, CO",33940,2016,253,236,17,0,0,0,0,84,49,40,0,0,253,0,0,Montrose, CO
376,"Pueblo, CO",39380,2016,128,126,2,0,0,0,0,64,35,20,0,0,0,72,56,Pueblo, CO
456,"Steamboat Springs, CO",44460,2016,352,343,9,0,0,0,0,60,26,15,0,0,0,0,352,Steamboat Springs, CO
53,"Boulder, CO",14500,2017,357,240,106,11,0,0,0,149,80,45,0,0,329,28,0,Boulder, CO
73,"Caon City, CO",15860,2017,39,39,0,0,0,0,0,44,28,11,0,0,0,0,39,Caon City, CO
95,"Colorado Springs, CO",17820,2017,365,240,122,3,0,0,0,116,71,46,0,0,327,38,0,Colorado Springs, CO
107,"Craig, CO",18780,2017,349,282,67,0,0,0,0,84,61,44,0,0,349,0,0,Craig, CO
120,"Denver-Aurora-Lakewood, CO",19740,2017,365,71,254,39,1,0,0,155,101,62,0,69,232,48,16,Denver-Aurora-Lakewood, CO
130,"Durango, CO",20420,2017,365,260,101,4,0,0,0,112,71,45,0,1,358,6,0,Durango, CO
165,"Fort Collins, CO",22660,2017,365,194,158,12,1,0,0,153,87,49,0,0,325,40,0,Fort Collins, CO
178,"Glenwood Springs, CO",24060,2017,365,241,123,1,0,0,0,108,71,47,0,0,365,0,0,Glenwood Springs, CO
180,"Grand Junction, CO",24300,2017,365,238,126,1,0,0,0,101,67,47,0,0,308,56,1,Grand Junction, CO
184,"Greeley, CO",24540,2017,365,211,146,7,1,0,0,154,77,47,0,0,273,92,0,Greeley, CO
310,"Montrose, CO",33940,2017,343,313,30,0,0,0,0,74,50,41,0,0,343,0,0,Montrose, CO
375,"Pueblo, CO",39380,2017,125,120,3,2,0,0,0,108,37,22,0,0,0,91,34,Pueblo, CO
455,"Steamboat Springs, CO",44460,2017,342,333,9,0,0,0,0,62,31,15,0,0,0,0,342,Steamboat Springs, CO
53,"Boulder, CO",14500,2018,362,219,114,28,1,0,0,159,96,46,0,0,285,77,0,Boulder, CO
73,"Caon City, CO",15860,2018,20,20,0,0,0,0,0,36,20,15,0,0,0,0,20,Caon City, CO
96,"Colorado Springs, CO",17820,2018,365,226,123,16,0,0,0,133,87,47,0,0,333,32,0,Colorado Springs, CO
108,"Craig, CO",18780,2018,331,262,68,1,0,0,0,108,61,42,0,0,331,0,0,Craig, CO
121,"Denver-Aurora-Lakewood, CO",19740,2018,365,83,225,49,8,0,0,174,112,64,0,56,232,56,21,Denver-Aurora-Lakewood, CO
131,"Durango, CO",20420,2018,365,240,105,10,9,1,0,218,80,45,0,0,330,32,3,Durango, CO
166,"Fort Collins, CO",22660,2018,365,195,142,25,3,0,0,169,97,50,0,0,322,43,0,Fort Collins, CO
179,"Glenwood Springs, CO",24060,2018,365,217,132,15,1,0,0,151,87,48,0,0,362,2,1,Glenwood Springs, CO
181,"Grand Junction, CO",24300,2018,365,216,144,5,0,0,0,150,80,46,1,0,301,62,1,Grand Junction, CO
185,"Greeley, CO",24540,2018,365,187,168,10,0,0,0,133,87,50,0,0,264,100,1,Greeley, CO
308,"Montrose, CO",33940,2018,326,257,68,1,0,0,0,122,64,42,0,0,326,0,0,Montrose, CO
373,"Pueblo, CO",39380,2018,123,117,5,1,0,0,0,101,39,23,0,0,0,84,39,Pueblo, CO
452,"Steamboat Springs, CO",44460,2018,355,354,1,0,0,0,0,51,30,15,0,0,0,0,355,Steamboat Springs, CO
52,"Boulder, CO",14500,2019,365,227,133,5,0,0,0,119,74,47,0,0,269,96,0,Boulder, CO
72,"Caon City, CO",15860,2019,32,32,0,0,0,0,0,29,23,13,0,0,0,0,32,Caon City, CO
95,"Colorado Springs, CO",17820,2019,365,259,106,0,0,0,0,100,67,45,0,0,345,18,2,Colorado Springs, CO
120,"Denver-Aurora-Lakewood, CO",19740,2019,365,91,252,20,2,0,0,154,90,58,0,60,212,63,30,Denver-Aurora-Lakewood, CO
130,"Durango, CO",20420,2019,365,274,91,0,0,0,0,87,61,44,0,35,330,0,0,Durango, CO
164,"Fort Collins, CO",22660,2019,365,208,151,6,0,0,0,129,77,48,0,0,337,28,0,Fort Collins, CO
177,"Glenwood Springs, CO",24060,2019,365,309,56,0,0,0,0,97,54,44,0,0,362,2,1,Glenwood Springs, CO
179,"Grand Junction, CO",24300,2019,364,289,75,0,0,0,0,87,58,44,2,0,309,51,2,Grand Junction, CO
183,"Greeley, CO",24540,2019,365,252,110,3,0,0,0,125,69,45,0,0,236,129,0,Greeley, CO
372,"Pueblo, CO",39380,2019,126,125,1,0,0,0,0,68,31,20,0,0,0,75,51,Pueblo, CO
451,"Steamboat Springs, CO",44460,2019,356,353,2,1,0,0,0,137,27,13,0,0,0,0,356,Steamboat Springs, CO
53,"Boulder, CO",14500,2020,366,217,128,19,2,0,0,173,84,47,0,0,249,116,1,Boulder, CO
73,"Caon City, CO",15860,2020,17,17,0,0,0,0,0,27,20,11,0,0,0,0,17,Caon City, CO
97,"Colorado Springs, CO",17820,2020,366,255,104,6,1,0,0,151,74,45,0,0,340,26,0,Colorado Springs, CO
121,"Denver-Aurora-Lakewood, CO",19740,2020,366,119,213,30,4,0,0,161,97,58,0,68,213,70,15,Denver-Aurora-Lakewood, CO
130,"Durango, CO",20420,2020,366,284,80,2,0,0,0,133,61,44,0,0,348,18,0,Durango, CO
163,"Fort Collins, CO",22660,2020,366,222,125,17,2,0,0,157,87,48,0,0,316,50,0,Fort Collins, CO
175,"Glenwood Springs, CO",24060,2020,366,255,106,5,0,0,0,122,74,46,0,0,346,17,3,Glenwood Springs, CO
177,"Grand Junction, CO",24300,2020,366,302,61,3,0,0,0,108,58,44,0,0,299,66,1,Grand Junction, CO
181,"Greeley, CO",24540,2020,366,219,134,13,0,0,0,140,82,48,0,7,234,125,0,Greeley, CO
366,"Pueblo, CO",39380,2020,96,91,5,0,0,0,0,63,45,19,0,0,0,49,47,Pueblo, CO
442,"Steamboat Springs, CO",44460,2020,358,353,5,0,0,0,0,68,29,14,0,0,0,0,358,Steamboat Springs, CO
54,"Boulder, CO",14500,2021,365,204,126,32,3,0,0,159,100,48,0,0,273,90,2,Boulder, CO
74,"Caon City, CO",15860,2021,86,85,1,0,0,0,0,62,28,15,0,0,0,0,86,Caon City, CO
98,"Colorado Springs, CO",17820,2021,365,236,101,28,0,0,0,140,93,47,0,0,347,18,0,Colorado Springs, CO
123,"Denver-Aurora-Lakewood, CO",19740,2021,365,110,188,50,17,0,0,177,122,61,0,68,232,41,24,Denver-Aurora-Lakewood, CO
132,"Durango, CO",20420,2021,364,249,111,4,0,0,0,140,71,47,1,0,349,14,0,Durango, CO
165,"Fort Collins, CO",22660,2021,365,197,133,32,3,0,0,156,100,50,0,0,332,33,0,Fort Collins, CO
177,"Glenwood Springs, CO",24060,2021,365,230,130,4,1,0,0,156,74,47,0,0,350,14,1,Glenwood Springs, CO
179,"Grand Junction, CO",24300,2021,365,278,85,2,0,0,0,139,64,44,0,0,310,55,0,Grand Junction, CO
183,"Greeley, CO",24540,2021,365,199,132,33,1,0,0,154,100,49,0,1,287,77,0,Greeley, CO
368,"Pueblo, CO",39380,2021,220,208,11,1,0,0,0,138,38,21,0,0,0,66,154,Pueblo, CO
444,"Steamboat Springs, CO",44460,2021,354,347,7,0,0,0,0,68,31,15,0,0,0,0,354,Steamboat Springs, CO
53,"Boulder, CO",14500,2022,275,168,100,7,0,0,0,129,80,48,0,0,235,39,1,Boulder, CO
72,"Caon City, CO",15860,2022,74,71,3,0,0,0,0,77,28,12,0,0,0,0,74,Caon City, CO
96,"Colorado Springs, CO",17820,2022,276,171,103,2,0,0,0,115,77,48,1,0,267,6,2,Colorado Springs, CO
120,"Denver-Aurora-Lakewood, CO",19740,2022,282,84,163,34,1,0,0,169,105,61,0,28,217,22,15,Denver-Aurora-Lakewood, CO
129,"Durango, CO",20420,2022,306,210,95,1,0,0,0,108,74,47,0,0,298,8,0,Durango, CO
161,"Fort Collins, CO",22660,2022,274,137,129,8,0,0,0,126,87,51,1,0,261,12,0,Fort Collins, CO
173,"Glenwood Springs, CO",24060,2022,272,246,26,0,0,0,0,84,50,43,0,0,270,0,2,Glenwood Springs, CO
175,"Grand Junction, CO",24300,2022,276,219,56,1,0,0,0,108,58,45,0,0,250,21,5,Grand Junction, CO
179,"Greeley, CO",24540,2022,277,125,142,10,0,0,0,133,90,51,1,2,225,49,0,Greeley, CO
361,"Pueblo, CO",39380,2022,235,221,11,3,0,0,0,121,42,19,0,0,0,71,164,Pueblo, CO
435,"Steamboat Springs, CO",44460,2022,220,220,0,0,0,0,0,43,28,16,0,0,0,0,220,Steamboat Springs, CO
5,"Albany, GA",10500,2012,360,254,104,2,0,0,0,124,63,38,0,0,0,359,1,Albany, GA
13,"Americus, GA",11140,2012,233,204,29,0,0,0,0,97,54,40,0,0,233,0,0,Americus, GA
24,"Athens-Clarke County, GA",12020,2012,366,247,113,5,1,0,0,153,67,43,0,0,140,226,0,Athens-Clarke County, GA
25,"Atlanta-Sandy Springs-Roswell, GA",12060,2012,366,106,232,19,8,1,0,218,97,61,0,1,142,223,0,Atlanta-Sandy Springs-Roswell, GA
64,"Brunswick, GA",15260,2012,264,252,12,0,0,0,0,87,47,35,0,0,216,41,7,Brunswick, GA
114,"Dalton, GA",19140,2012,278,233,43,2,0,0,0,119,64,42,0,0,232,46,0,Dalton, GA
128,"Douglas, GA",20060,2012,60,48,12,0,0,0,0,60,58,35,0,0,0,60,0,Douglas, GA
175,"Gainesville, GA",23580,2012,328,210,118,0,0,0,0,75,60,45,0,0,0,328,0,Gainesville, GA
285,"Macon, GA",31420,2012,366,215,147,4,0,0,0,147,69,47,0,0,105,261,0,Macon, GA
400,"Rome, GA",40660,2012,365,49,316,0,0,0,0,99,81,64,0,0,0,365,0,Rome, GA
424,"Savannah, GA",42340,2012,366,276,89,1,0,0,0,107,59,41,0,0,111,255,0,Savannah, GA
460,"Summerville, GA",44900,2012,265,217,46,2,0,0,0,108,61,39,0,0,245,0,20,Summerville, GA
485,"Valdosta, GA",46660,2012,345,167,176,2,0,0,0,132,63,51,0,0,0,345,0,Valdosta, GA
498,"Warner Robins, GA",47580,2012,330,217,112,1,0,0,0,142,60,43,0,0,0,330,0,Warner Robins, GA
5,"Albany, GA",10500,2013,364,232,127,5,0,0,0,126,64,43,0,0,0,364,0,Albany, GA
13,"Americus, GA",11140,2013,245,232,13,0,0,0,0,80,48,36,0,0,245,0,0,Americus, GA
24,"Athens-Clarke County, GA",12020,2013,365,271,94,0,0,0,0,91,60,40,0,0,94,271,0,Athens-Clarke County, GA
25,"Atlanta-Sandy Springs-Roswell, GA",12060,2013,365,168,184,12,1,0,0,177,74,52,0,6,118,241,0,Atlanta-Sandy Springs-Roswell, GA
63,"Brunswick, GA",15260,2013,312,285,27,0,0,0,0,80,50,33,0,0,194,118,0,Brunswick, GA
114,"Dalton, GA",19140,2013,281,256,25,0,0,0,0,93,50,38,0,0,228,53,0,Dalton, GA
128,"Douglas, GA",20060,2013,59,52,7,0,0,0,0,59,55,32,0,0,0,59,0,Douglas, GA
176,"Gainesville, GA",23580,2013,342,215,127,0,0,0,0,90,63,42,0,0,0,342,0,Gainesville, GA
283,"Macon, GA",31420,2013,365,253,111,1,0,0,0,105,61,43,0,0,101,264,0,Macon, GA
398,"Rome, GA",40660,2013,364,166,198,0,0,0,0,95,70,52,0,0,0,364,0,Rome, GA
422,"Savannah, GA",42340,2013,357,279,78,0,0,0,0,90,57,38,0,0,104,253,0,Savannah, GA
460,"Summerville, GA",44900,2013,244,233,11,0,0,0,0,77,46,37,0,0,244,0,0,Summerville, GA
485,"Valdosta, GA",46660,2013,363,286,74,3,0,0,0,118,58,36,0,0,0,363,0,Valdosta, GA
498,"Warner Robins, GA",47580,2013,351,251,100,0,0,0,0,87,59,38,0,0,0,351,0,Warner Robins, GA
5,"Albany, GA",10500,2014,359,216,142,1,0,0,0,111,65,45,0,0,0,359,0,Albany, GA
13,"Americus, GA",11140,2014,244,229,15,0,0,0,0,77,49,38,0,0,244,0,0,Americus, GA
24,"Athens-Clarke County, GA",12020,2014,356,239,117,0,0,0,0,92,61,42,0,0,108,248,0,Athens-Clarke County, GA
25,"Atlanta-Sandy Springs-Roswell, GA",12060,2014,365,132,215,17,1,0,0,159,80,55,0,3,122,240,0,Atlanta-Sandy Springs-Roswell, GA
64,"Brunswick, GA",15260,2014,332,287,45,0,0,0,0,88,54,37,0,0,144,188,0,Brunswick, GA
115,"Dalton, GA",19140,2014,266,232,33,1,0,0,0,108,54,38,0,0,217,49,0,Dalton, GA
129,"Douglas, GA",20060,2014,61,55,6,0,0,0,0,66,50,35,0,0,0,61,0,Douglas, GA
177,"Gainesville, GA",23580,2014,318,177,141,0,0,0,0,95,65,47,0,0,0,318,0,Gainesville, GA
285,"Macon, GA",31420,2014,365,211,152,2,0,0,0,112,64,47,0,0,73,292,0,Macon, GA
397,"Rome, GA",40660,2014,362,133,228,1,0,0,0,109,72,54,0,0,0,362,0,Rome, GA
421,"Savannah, GA",42340,2014,333,246,87,0,0,0,0,77,57,42,0,0,68,265,0,Savannah, GA
458,"Summerville, GA",44900,2014,245,227,18,0,0,0,0,77,49,36,0,0,245,0,0,Summerville, GA
482,"Valdosta, GA",46660,2014,339,245,94,0,0,0,0,88,60,38,0,0,0,339,0,Valdosta, GA
495,"Warner Robins, GA",47580,2014,348,202,143,3,0,0,0,129,64,46,0,0,0,348,0,Warner Robins, GA
5,"Albany, GA",10500,2015,365,230,134,1,0,0,0,115,65,42,0,0,0,365,0,Albany, GA
13,"Americus, GA",11140,2015,245,236,8,1,0,0,0,129,48,34,0,0,245,0,0,Americus, GA
24,"Athens-Clarke County, GA",12020,2015,358,302,56,0,0,0,0,97,54,38,0,0,148,210,0,Athens-Clarke County, GA
25,"Atlanta-Sandy Springs-Roswell, GA",12060,2015,365,140,209,14,2,0,0,172,89,55,0,4,127,234,0,Atlanta-Sandy Springs-Roswell, GA
64,"Brunswick, GA",15260,2015,354,326,28,0,0,0,0,63,47,34,0,0,179,175,0,Brunswick, GA
116,"Dalton, GA",19140,2015,280,256,23,0,0,1,0,233,50,37,0,0,225,55,0,Dalton, GA
130,"Douglas, GA",20060,2015,60,56,4,0,0,0,0,60,47,28,0,0,0,60,0,Douglas, GA
177,"Gainesville, GA",23580,2015,264,149,115,0,0,0,0,94,65,48,0,0,0,264,0,Gainesville, GA
286,"Macon, GA",31420,2015,365,269,96,0,0,0,0,87,60,41,0,0,124,241,0,Macon, GA
400,"Rome, GA",40660,2015,338,236,102,0,0,0,0,73,58,40,0,0,0,338,0,Rome, GA
424,"Savannah, GA",42340,2015,365,306,59,0,0,0,0,74,56,36,0,0,120,245,0,Savannah, GA
460,"Summerville, GA",44900,2015,191,173,18,0,0,0,0,97,49,36,0,0,191,0,0,Summerville, GA
485,"Valdosta, GA",46660,2015,357,276,81,0,0,0,0,87,58,38,0,0,0,357,0,Valdosta, GA
498,"Warner Robins, GA",47580,2015,363,288,75,0,0,0,0,95,55,35,0,0,0,363,0,Warner Robins, GA
5,"Albany, GA",10500,2016,363,263,100,0,0,0,0,93,59,36,0,0,0,363,0,Albany, GA
13,"Americus, GA",11140,2016,245,218,26,1,0,0,0,101,54,39,0,0,245,0,0,Americus, GA
24,"Athens-Clarke County, GA",12020,2016,362,295,61,4,2,0,0,162,61,40,0,0,191,171,0,Athens-Clarke County, GA
25,"Atlanta-Sandy Springs-Roswell, GA",12060,2016,366,105,229,28,4,0,0,200,97,57,0,2,153,211,0,Atlanta-Sandy Springs-Roswell, GA
63,"Brunswick, GA",15260,2016,343,314,27,2,0,0,0,129,49,35,0,0,182,161,0,Brunswick, GA
113,"Dalton, GA",19140,2016,275,233,41,1,0,0,0,112,58,43,0,0,242,33,0,Dalton, GA
127,"Douglas, GA",20060,2016,43,40,3,0,0,0,0,54,47,31,0,0,0,43,0,Douglas, GA
174,"Gainesville, GA",23580,2016,119,103,14,1,1,0,0,155,52,30,0,0,0,119,0,Gainesville, GA
283,"Macon, GA",31420,2016,366,267,94,5,0,0,0,147,63,42,0,0,146,220,0,Macon, GA
398,"Rome, GA",40660,2016,326,254,72,0,0,0,0,87,57,37,0,0,0,326,0,Rome, GA
422,"Savannah, GA",42340,2016,365,311,51,3,0,0,0,143,53,37,0,0,139,226,0,Savannah, GA
458,"Summerville, GA",44900,2016,242,217,25,0,0,0,0,93,51,42,0,0,242,0,0,Summerville, GA
483,"Valdosta, GA",46660,2016,327,276,51,0,0,0,0,74,54,33,0,0,0,327,0,Valdosta, GA
496,"Warner Robins, GA",47580,2016,352,306,44,2,0,0,0,107,53,33,0,0,0,352,0,Warner Robins, GA
5,"Albany, GA",10500,2017,356,272,83,0,1,0,0,151,59,38,0,0,0,356,0,Albany, GA
13,"Americus, GA",11140,2017,241,229,12,0,0,0,0,67,47,35,0,0,241,0,0,Americus, GA
23,"Athens-Clarke County, GA",12020,2017,360,311,49,0,0,0,0,97,54,38,0,0,175,185,0,Athens-Clarke County, GA
24,"Atlanta-Sandy Springs-Roswell, GA",12060,2017,365,174,180,11,0,0,0,150,80,51,0,15,163,187,0,Atlanta-Sandy Springs-Roswell, GA
62,"Brunswick, GA",15260,2017,276,257,19,0,0,0,0,77,47,35,0,0,215,61,0,Brunswick, GA
112,"Dalton, GA",19140,2017,257,229,28,0,0,0,0,90,51,39,0,0,204,53,0,Dalton, GA
126,"Douglas, GA",20060,2017,107,98,9,0,0,0,0,87,50,31,0,0,0,107,0,Douglas, GA
173,"Gainesville, GA",23580,2017,254,205,49,0,0,0,0,68,56,36,0,0,0,254,0,Gainesville, GA
281,"Macon, GA",31420,2017,365,284,81,0,0,0,0,93,58,40,0,0,163,202,0,Macon, GA
397,"Rome, GA",40660,2017,303,187,116,0,0,0,0,78,59,44,0,0,0,303,0,Rome, GA
421,"Savannah, GA",42340,2017,363,299,64,0,0,0,0,77,55,37,0,0,108,255,0,Savannah, GA
457,"Summerville, GA",44900,2017,240,232,8,0,0,0,0,64,45,36,0,0,240,0,0,Summerville, GA
482,"Valdosta, GA",46660,2017,317,235,81,0,1,0,0,151,58,38,0,0,0,317,0,Valdosta, GA
495,"Warner Robins, GA",47580,2017,330,265,65,0,0,0,0,92,56,35,0,0,0,330,0,Warner Robins, GA
5,"Albany, GA",10500,2018,357,293,63,1,0,0,0,137,57,30,0,0,0,357,0,Albany, GA
13,"Americus, GA",11140,2018,241,219,22,0,0,0,0,80,50,34,0,0,241,0,0,Americus, GA
23,"Athens-Clarke County, GA",12020,2018,332,262,68,2,0,0,0,105,58,39,0,0,151,181,0,Athens-Clarke County, GA
24,"Atlanta-Sandy Springs-Roswell, GA",12060,2018,365,211,144,10,0,0,0,133,77,47,0,12,157,196,0,Atlanta-Sandy Springs-Roswell, GA
62,"Brunswick, GA",15260,2018,272,255,17,0,0,0,0,74,46,34,0,0,225,47,0,Brunswick, GA
113,"Dalton, GA",19140,2018,271,241,30,0,0,0,0,100,51,37,0,0,222,49,0,Dalton, GA
127,"Douglas, GA",20060,2018,116,112,4,0,0,0,0,65,37,22,0,0,0,116,0,Douglas, GA
174,"Gainesville, GA",23580,2018,322,282,40,0,0,0,0,68,52,30,0,0,0,322,0,Gainesville, GA
280,"Macon, GA",31420,2018,362,308,53,1,0,0,0,106,56,35,0,0,168,194,0,Macon, GA
394,"Rome, GA",40660,2018,333,226,107,0,0,0,0,80,60,40,0,0,0,333,0,Rome, GA
418,"Savannah, GA",42340,2018,363,315,48,0,0,0,0,74,53,36,0,0,113,250,0,Savannah, GA
454,"Summerville, GA",44900,2018,245,224,21,0,0,0,0,87,50,35,0,0,245,0,0,Summerville, GA
477,"Valdosta, GA",46660,2018,315,264,51,0,0,0,0,93,54,37,0,0,0,315,0,Valdosta, GA
490,"Warner Robins, GA",47580,2018,322,259,61,2,0,0,0,108,58,34,0,0,0,322,0,Warner Robins, GA
5,"Albany, GA",10500,2019,356,236,118,2,0,0,0,107,63,40,0,0,0,356,0,Albany, GA
13,"Americus, GA",11140,2019,238,211,27,0,0,0,0,97,54,39,0,0,238,0,0,Americus, GA
23,"Athens-Clarke County, GA",12020,2019,365,245,120,0,0,0,0,87,61,44,0,0,136,229,0,Athens-Clarke County, GA
24,"Atlanta-Sandy Springs-Roswell, GA",12060,2019,365,162,184,18,1,0,0,172,87,52,0,9,171,185,0,Atlanta-Sandy Springs-Roswell, GA
61,"Brunswick, GA",15260,2019,279,254,25,0,0,0,0,80,50,36,0,0,224,55,0,Brunswick, GA
112,"Dalton, GA",19140,2019,269,230,39,0,0,0,0,93,54,42,0,0,239,30,0,Dalton, GA
126,"Douglas, GA",20060,2019,121,107,14,0,0,0,0,66,52,26,0,0,0,121,0,Douglas, GA
172,"Gainesville, GA",23580,2019,340,259,81,0,0,0,0,88,57,37,0,0,0,340,0,Gainesville, GA
278,"Macon, GA",31420,2019,362,275,84,3,0,0,0,137,61,39,0,0,158,204,0,Macon, GA
394,"Rome, GA",40660,2019,363,215,148,0,0,0,0,89,62,45,0,0,0,363,0,Rome, GA
417,"Savannah, GA",42340,2019,335,277,58,0,0,0,0,87,55,38,0,0,159,176,0,Savannah, GA
453,"Summerville, GA",44900,2019,244,231,13,0,0,0,0,71,48,40,0,0,244,0,0,Summerville, GA
476,"Valdosta, GA",46660,2019,309,255,54,0,0,0,0,68,55,35,0,0,0,309,0,Valdosta, GA
489,"Warner Robins, GA",47580,2019,354,246,106,1,1,0,0,152,61,38,0,0,0,354,0,Warner Robins, GA
5,"Albany, GA",10500,2020,365,276,87,2,0,0,0,114,61,37,0,0,0,365,0,Albany, GA
13,"Americus, GA",11140,2020,240,237,3,0,0,0,0,64,44,32,0,0,240,0,0,Americus, GA
23,"Athens-Clarke County, GA",12020,2020,366,312,54,0,0,0,0,99,54,36,0,0,131,235,0,Athens-Clarke County, GA
24,"Atlanta-Sandy Springs-Roswell, GA",12060,2020,366,241,122,3,0,0,0,125,65,44,0,11,151,204,0,Atlanta-Sandy Springs-Roswell, GA
62,"Brunswick, GA",15260,2020,285,273,12,0,0,0,0,96,44,31,0,0,218,67,0,Brunswick, GA
113,"Dalton, GA",19140,2020,272,259,13,0,0,0,0,61,45,34,0,0,235,37,0,Dalton, GA
126,"Douglas, GA",20060,2020,120,115,4,1,0,0,0,108,42,25,0,0,0,120,0,Douglas, GA
171,"Gainesville, GA",23580,2020,359,304,55,0,0,0,0,98,55,33,0,0,0,359,0,Gainesville, GA
274,"Macon, GA",31420,2020,366,323,43,0,0,0,0,97,52,35,0,0,128,238,0,Macon, GA
388,"Rome, GA",40660,2020,326,283,43,0,0,0,0,80,53,31,0,0,0,326,0,Rome, GA
410,"Savannah, GA",42340,2020,365,313,51,1,0,0,0,131,53,37,0,0,111,254,0,Savannah, GA
444,"Summerville, GA",44900,2020,245,244,1,0,0,0,0,58,43,32,0,0,245,0,0,Summerville, GA
467,"Valdosta, GA",46660,2020,202,177,24,1,0,0,0,141,54,30,0,0,0,202,0,Valdosta, GA
479,"Warner Robins, GA",47580,2020,362,287,74,1,0,0,0,114,57,35,0,0,0,362,0,Warner Robins, GA
5,"Albany, GA",10500,2021,352,263,85,4,0,0,0,133,65,39,0,0,0,352,0,Albany, GA
13,"Americus, GA",11140,2021,245,228,17,0,0,0,0,74,49,35,0,0,245,0,0,Americus, GA
23,"Athens-Clarke County, GA",12020,2021,365,262,102,1,0,0,0,107,61,41,0,0,120,245,0,Athens-Clarke County, GA
24,"Atlanta-Sandy Springs-Roswell, GA",12060,2021,365,209,148,8,0,0,0,150,77,47,0,13,149,203,0,Atlanta-Sandy Springs-Roswell, GA
63,"Brunswick, GA",15260,2021,322,298,24,0,0,0,0,77,48,34,0,0,213,109,0,Brunswick, GA
114,"Dalton, GA",19140,2021,276,242,34,0,0,0,0,87,51,37,0,0,234,42,0,Dalton, GA
128,"Douglas, GA",20060,2021,118,112,6,0,0,0,0,65,43,26,0,0,0,118,0,Douglas, GA
173,"Gainesville, GA",23580,2021,365,291,74,0,0,0,0,81,57,34,0,0,0,365,0,Gainesville, GA
276,"Macon, GA",31420,2021,365,274,89,2,0,0,0,131,62,40,0,0,113,252,0,Macon, GA
390,"Rome, GA",40660,2021,354,295,57,2,0,0,0,141,57,29,0,0,0,354,0,Rome, GA
412,"Savannah, GA",42340,2021,363,275,87,1,0,0,0,103,59,41,0,0,89,274,0,Savannah, GA
446,"Summerville, GA",44900,2021,245,238,7,0,0,0,0,80,45,33,0,0,245,0,0,Summerville, GA
469,"Valdosta, GA",46660,2021,358,293,65,0,0,0,0,84,55,35,0,0,0,358,0,Valdosta, GA
481,"Warner Robins, GA",47580,2021,359,273,82,4,0,0,0,111,61,37,0,0,0,359,0,Warner Robins, GA
5,"Albany, GA",10500,2022,241,166,70,4,1,0,0,151,61,36,0,0,0,241,0,Albany, GA
13,"Americus, GA",11140,2022,207,194,13,0,0,0,0,93,47,34,0,0,207,0,0,Americus, GA
23,"Athens-Clarke County, GA",12020,2022,243,183,60,0,0,0,0,87,60,44,0,0,131,112,0,Athens-Clarke County, GA
24,"Atlanta-Sandy Springs-Roswell, GA",12060,2022,274,153,113,7,1,0,0,169,71,48,1,7,145,121,0,Atlanta-Sandy Springs-Roswell, GA
61,"Brunswick, GA",15260,2022,273,238,34,1,0,0,0,106,53,37,0,0,126,147,0,Brunswick, GA
111,"Dalton, GA",19140,2022,181,156,24,1,0,0,0,105,54,40,0,0,181,0,0,Dalton, GA
125,"Douglas, GA",20060,2022,71,65,6,0,0,0,0,71,46,28,0,0,0,71,0,Douglas, GA
169,"Gainesville, GA",23580,2022,242,196,46,0,0,0,0,76,55,36,0,0,0,242,0,Gainesville, GA
270,"Macon, GA",31420,2022,273,229,44,0,0,0,0,90,55,38,0,0,126,147,0,Macon, GA
383,"Rome, GA",40660,2022,236,213,23,0,0,0,0,81,50,29,0,0,0,236,0,Rome, GA
403,"Savannah, GA",42340,2022,273,229,44,0,0,0,0,97,57,39,0,0,128,145,0,Savannah, GA
437,"Summerville, GA",44900,2022,214,205,9,0,0,0,0,77,47,35,0,0,214,0,0,Summerville, GA
459,"Valdosta, GA",46660,2022,232,178,54,0,0,0,0,100,61,35,0,0,0,232,0,Valdosta, GA
472,"Warner Robins, GA",47580,2022,243,198,44,1,0,0,0,102,57,33,0,0,0,243,0,Warner Robins, GA
